{
	"id": "f2d7d478-35dc-4c1b-aa3a-becbf7714e6d",
	"name": "Fietsverzekering.Tst.postman_environment.json",
	"values": [
		{
			"key": "BaseURL",
			"value": "https://tst.vab.be/",
			"enabled": true
		},
		{
			"key": "XFrameOptions",
			"value": "false",
			"enabled": true
		},
		{
			"key": "browserTabId",
			"value": "82164e8d-8045-48a1-b4a9-079eb612bcc6",
			"enabled": true
		},
		{
			"key": "maxDate",
			"value": "2020-11-30",
			"enabled": true
		},
		{
			"key": "minDate",
			"value": "2020-04-30",
			"enabled": true
		},
		{
			"key": "analysisJson",
			"value": "{\"Valid\":false,\"SpartaProductCode\":null,\"BrowserTabId\":\"d30c2c80-4117-42b9-9eb7-9b0ac3c60847\",\"Questions\":[{\"NecessityAnalysisQuestions\":\"ProtectBicycleAgainstTheft\",\"Options\":[{\"Label\":null,\"Value\":\"\",\"ToolTip\":null}],\"ValidationMessage\":null,\"RequiredValidationMessage\":\"Radio button is verplicht\",\"Required\":true,\"Valid\":null,\"SelectedValue\":\"0\"},{\"NecessityAnalysisQuestions\":\"BicycleBreakdown\",\"Options\":[{\"Label\":null,\"Value\":\"\",\"ToolTip\":null}],\"ValidationMessage\":null,\"RequiredValidationMessage\":\"Radio button is verplicht\",\"Required\":true,\"Valid\":null,\"SelectedValue\":null}],\"ResponseText\":null}",
			"enabled": true
		},
		{
			"key": "analysisJsonTwo",
			"value": "{\"Valid\":false,\"SpartaProductCode\":null,\"BrowserTabId\":\"d30c2c80-4117-42b9-9eb7-9b0ac3c60847\",\"Questions\":[{\"NecessityAnalysisQuestions\":\"ProtectBicycleAgainstTheft\",\"Options\":[{\"Label\":null,\"Value\":\"\",\"ToolTip\":null}],\"ValidationMessage\":null,\"RequiredValidationMessage\":\"Radio button is verplicht\",\"Required\":true,\"Valid\":null,\"SelectedValue\":\"0\"},{\"NecessityAnalysisQuestions\":\"BicycleBreakdown\",\"Options\":[{\"Label\":null,\"Value\":\"\",\"ToolTip\":null}],\"ValidationMessage\":null,\"RequiredValidationMessage\":\"Radio button is verplicht\",\"Required\":true,\"Valid\":null,\"SelectedValue\":\"1\"}],\"ResponseText\":\"<p>Aan de hand van jouw antwoorden kunnen we je geen product op maat aanbevelen. Klik op 'volgende' om toch verder te gaan met jouw eigen productkeuze.</p>\"}",
			"enabled": true
		}
	],
	"_postman_variable_scope": "environment",
	"_postman_exported_at": "2020-11-03T09:31:01.641Z",
	"_postman_exported_using": "Postman/7.34.0"
}