{
	"id": "073fe86b-6dde-47f5-9054-d364321ab240",
	"name": "2ehandswebsite.Preprod.postman_environment.json",
	"values": [
		{
			"key": "BaseURL",
			"value": "https://preprod.vab.be/",
			"enabled": true
		},
		{
			"key": "quicksearchget_responsebody",
			"value": {
				"Components": [
					{
						"IsChanged": false,
						"Label": "Merk",
						"List": [
							{
								"Id": "0",
								"Name": "Alle",
								"UrlId": ""
							},
							{
								"Id": "2578",
								"Name": "Alfa Romeo",
								"UrlId": "alfa-romeo"
							},
							{
								"Id": "2579",
								"Name": "Audi",
								"UrlId": "audi"
							},
							{
								"Id": "2580",
								"Name": "BMW",
								"UrlId": "bmw"
							},
							{
								"Id": "2581",
								"Name": "Citroën",
								"UrlId": "citro%c3%abn"
							},
							{
								"Id": "2582",
								"Name": "Dacia",
								"UrlId": "dacia"
							},
							{
								"Id": "2583",
								"Name": "Fiat",
								"UrlId": "fiat"
							},
							{
								"Id": "2584",
								"Name": "Ford",
								"UrlId": "ford"
							},
							{
								"Id": "2613",
								"Name": "Honda",
								"UrlId": "honda"
							},
							{
								"Id": "2585",
								"Name": "Hyundai",
								"UrlId": "hyundai"
							},
							{
								"Id": "2586",
								"Name": "Infiniti",
								"UrlId": "infiniti"
							},
							{
								"Id": "2587",
								"Name": "Jaguar",
								"UrlId": "jaguar"
							},
							{
								"Id": "2588",
								"Name": "Jeep",
								"UrlId": "jeep"
							},
							{
								"Id": "2589",
								"Name": "Kia",
								"UrlId": "kia"
							},
							{
								"Id": "2591",
								"Name": "Mazda",
								"UrlId": "mazda"
							},
							{
								"Id": "2592",
								"Name": "Mercedes",
								"UrlId": "mercedes"
							},
							{
								"Id": "2595",
								"Name": "Nissan",
								"UrlId": "nissan"
							},
							{
								"Id": "2596",
								"Name": "Opel",
								"UrlId": "opel"
							},
							{
								"Id": "2597",
								"Name": "Peugeot",
								"UrlId": "peugeot"
							},
							{
								"Id": "2598",
								"Name": "Renault",
								"UrlId": "renault"
							},
							{
								"Id": "2599",
								"Name": "Seat",
								"UrlId": "seat"
							},
							{
								"Id": "2600",
								"Name": "Skoda",
								"UrlId": "skoda"
							},
							{
								"Id": "2602",
								"Name": "Ssangyong",
								"UrlId": "ssangyong"
							},
							{
								"Id": "2603",
								"Name": "Suzuki",
								"UrlId": "suzuki"
							},
							{
								"Id": "2604",
								"Name": "Toyota",
								"UrlId": "toyota"
							},
							{
								"Id": "2605",
								"Name": "Volkswagen",
								"UrlId": "volkswagen"
							},
							{
								"Id": "2606",
								"Name": "Volvo",
								"UrlId": "volvo"
							}
						],
						"SelectedValue": "0--",
						"UniqueCode": "Merk"
					},
					{
						"IsChanged": false,
						"Label": "Model",
						"List": [
							{
								"Id": "0",
								"Name": "Alle",
								"UrlId": ""
							}
						],
						"SelectedValue": "0--",
						"UniqueCode": "ModelSerie"
					},
					{
						"IsChanged": false,
						"Label": "Prijs",
						"List": [
							{
								"From": 0,
								"Id": "0",
								"Name": "Alle",
								"To": 0,
								"UrlId": ""
							},
							{
								"From": 0,
								"Id": "0-10000",
								"Name": "... - € 10.000",
								"To": 10000,
								"UrlId": "0-10000"
							},
							{
								"From": 10001,
								"Id": "10001-14999",
								"Name": "€ 10.000 - € 15.000",
								"To": 14999,
								"UrlId": "10001-14999"
							},
							{
								"From": 15000,
								"Id": "15000-19999",
								"Name": "€ 15.000 - € 20.000",
								"To": 19999,
								"UrlId": "15000-19999"
							},
							{
								"From": 20000,
								"Id": "20000-24999",
								"Name": "€ 20.000 - € 25.000",
								"To": 24999,
								"UrlId": "20000-24999"
							},
							{
								"From": 25000,
								"Id": "25000-",
								"Name": "€ 25.000 - ...",
								"To": 0,
								"UrlId": "25000-"
							}
						],
						"SelectedValue": "0--",
						"UniqueCode": "PrijsCategorie"
					}
				],
				"ListPageLink": "/auto/tweedehandswagens/producten-lijst",
				"ShowAllResultsButtonText": "Bekijk volledig aanbod",
				"ShowSelectedResultsButtonText": "Toon selectie",
				"Title": "Ik zoek een specifieke wagen"
			},
			"enabled": true
		},
		{
			"key": "quicksearch-putBrand_requestBody",
			"value": "{\"Title\":\"Ik zoek een specifieke wagen\",\"Components\":[{\"List\":[{\"Id\":\"0\",\"Name\":\"Alle\",\"UrlId\":\"\"},{\"Id\":\"2578\",\"Name\":\"Alfa Romeo\",\"UrlId\":\"alfa-romeo\"},{\"Id\":\"2579\",\"Name\":\"Audi\",\"UrlId\":\"audi\"},{\"Id\":\"2580\",\"Name\":\"BMW\",\"UrlId\":\"bmw\"},{\"Id\":\"2581\",\"Name\":\"Citroën\",\"UrlId\":\"citro%c3%abn\"},{\"Id\":\"2582\",\"Name\":\"Dacia\",\"UrlId\":\"dacia\"},{\"Id\":\"2583\",\"Name\":\"Fiat\",\"UrlId\":\"fiat\"},{\"Id\":\"2584\",\"Name\":\"Ford\",\"UrlId\":\"ford\"},{\"Id\":\"2613\",\"Name\":\"Honda\",\"UrlId\":\"honda\"},{\"Id\":\"2585\",\"Name\":\"Hyundai\",\"UrlId\":\"hyundai\"},{\"Id\":\"2586\",\"Name\":\"Infiniti\",\"UrlId\":\"infiniti\"},{\"Id\":\"2587\",\"Name\":\"Jaguar\",\"UrlId\":\"jaguar\"},{\"Id\":\"2588\",\"Name\":\"Jeep\",\"UrlId\":\"jeep\"},{\"Id\":\"2589\",\"Name\":\"Kia\",\"UrlId\":\"kia\"},{\"Id\":\"2591\",\"Name\":\"Mazda\",\"UrlId\":\"mazda\"},{\"Id\":\"2592\",\"Name\":\"Mercedes\",\"UrlId\":\"mercedes\"},{\"Id\":\"2595\",\"Name\":\"Nissan\",\"UrlId\":\"nissan\"},{\"Id\":\"2596\",\"Name\":\"Opel\",\"UrlId\":\"opel\"},{\"Id\":\"2597\",\"Name\":\"Peugeot\",\"UrlId\":\"peugeot\"},{\"Id\":\"2598\",\"Name\":\"Renault\",\"UrlId\":\"renault\"},{\"Id\":\"2599\",\"Name\":\"Seat\",\"UrlId\":\"seat\"},{\"Id\":\"2600\",\"Name\":\"Skoda\",\"UrlId\":\"skoda\"},{\"Id\":\"2602\",\"Name\":\"Ssangyong\",\"UrlId\":\"ssangyong\"},{\"Id\":\"2603\",\"Name\":\"Suzuki\",\"UrlId\":\"suzuki\"},{\"Id\":\"2604\",\"Name\":\"Toyota\",\"UrlId\":\"toyota\"},{\"Id\":\"2605\",\"Name\":\"Volkswagen\",\"UrlId\":\"volkswagen\"},{\"Id\":\"2606\",\"Name\":\"Volvo\",\"UrlId\":\"volvo\"}],\"Label\":\"Merk\",\"SelectedValue\":\"2604--toyota\",\"IsChanged\":true,\"UniqueCode\":\"Merk\"},{\"List\":[{\"Id\":\"0\",\"Name\":\"Alle\",\"UrlId\":\"\"}],\"Label\":\"Model\",\"SelectedValue\":\"0--\",\"IsChanged\":false,\"UniqueCode\":\"ModelSerie\"},{\"List\":[{\"Id\":\"0\",\"Name\":\"Alle\",\"From\":0,\"To\":0,\"UrlId\":\"\"},{\"Id\":\"0-10000\",\"Name\":\"... - € 10.000\",\"From\":0,\"To\":10000,\"UrlId\":\"0-10000\"},{\"Id\":\"10001-14999\",\"Name\":\"€ 10.000 - € 15.000\",\"From\":10001,\"To\":14999,\"UrlId\":\"10001-14999\"},{\"Id\":\"15000-19999\",\"Name\":\"€ 15.000 - € 20.000\",\"From\":15000,\"To\":19999,\"UrlId\":\"15000-19999\"},{\"Id\":\"20000-24999\",\"Name\":\"€ 20.000 - € 25.000\",\"From\":20000,\"To\":24999,\"UrlId\":\"20000-24999\"},{\"Id\":\"25000-\",\"Name\":\"€ 25.000 - ...\",\"From\":25000,\"To\":0,\"UrlId\":\"25000-\"}],\"Label\":\"Prijs\",\"SelectedValue\":\"0--\",\"IsChanged\":false,\"UniqueCode\":\"PrijsCategorie\"}],\"ShowAllResultsButtonText\":\"Bekijk volledig aanbod\",\"ShowSelectedResultsButtonText\":\"Toon selectie\",\"ListPageLink\":\"/auto/tweedehandswagens/producten-lijst\"}",
			"enabled": true
		},
		{
			"key": "quicksearch-putBrand_responseBody",
			"value": {
				"Components": [
					{
						"IsChanged": false,
						"Label": "Merk",
						"List": [
							{
								"Id": "0",
								"Name": "Alle",
								"UrlId": ""
							},
							{
								"Id": "2578",
								"Name": "Alfa Romeo",
								"UrlId": "alfa-romeo"
							},
							{
								"Id": "2579",
								"Name": "Audi",
								"UrlId": "audi"
							},
							{
								"Id": "2580",
								"Name": "BMW",
								"UrlId": "bmw"
							},
							{
								"Id": "2581",
								"Name": "Citroën",
								"UrlId": "citro%c3%abn"
							},
							{
								"Id": "2582",
								"Name": "Dacia",
								"UrlId": "dacia"
							},
							{
								"Id": "2583",
								"Name": "Fiat",
								"UrlId": "fiat"
							},
							{
								"Id": "2584",
								"Name": "Ford",
								"UrlId": "ford"
							},
							{
								"Id": "2613",
								"Name": "Honda",
								"UrlId": "honda"
							},
							{
								"Id": "2585",
								"Name": "Hyundai",
								"UrlId": "hyundai"
							},
							{
								"Id": "2586",
								"Name": "Infiniti",
								"UrlId": "infiniti"
							},
							{
								"Id": "2587",
								"Name": "Jaguar",
								"UrlId": "jaguar"
							},
							{
								"Id": "2588",
								"Name": "Jeep",
								"UrlId": "jeep"
							},
							{
								"Id": "2589",
								"Name": "Kia",
								"UrlId": "kia"
							},
							{
								"Id": "2591",
								"Name": "Mazda",
								"UrlId": "mazda"
							},
							{
								"Id": "2592",
								"Name": "Mercedes",
								"UrlId": "mercedes"
							},
							{
								"Id": "2595",
								"Name": "Nissan",
								"UrlId": "nissan"
							},
							{
								"Id": "2596",
								"Name": "Opel",
								"UrlId": "opel"
							},
							{
								"Id": "2597",
								"Name": "Peugeot",
								"UrlId": "peugeot"
							},
							{
								"Id": "2598",
								"Name": "Renault",
								"UrlId": "renault"
							},
							{
								"Id": "2599",
								"Name": "Seat",
								"UrlId": "seat"
							},
							{
								"Id": "2600",
								"Name": "Skoda",
								"UrlId": "skoda"
							},
							{
								"Id": "2602",
								"Name": "Ssangyong",
								"UrlId": "ssangyong"
							},
							{
								"Id": "2603",
								"Name": "Suzuki",
								"UrlId": "suzuki"
							},
							{
								"Id": "2604",
								"Name": "Toyota",
								"UrlId": "toyota"
							},
							{
								"Id": "2605",
								"Name": "Volkswagen",
								"UrlId": "volkswagen"
							},
							{
								"Id": "2606",
								"Name": "Volvo",
								"UrlId": "volvo"
							}
						],
						"SelectedValue": "2604--toyota",
						"UniqueCode": "Merk"
					},
					{
						"IsChanged": false,
						"Label": "Model",
						"List": [
							{
								"Id": "0",
								"Name": "Alle",
								"UrlId": ""
							},
							{
								"Id": "27944",
								"Name": "Aygo",
								"UrlId": "aygo"
							},
							{
								"Id": "28087",
								"Name": "GT86",
								"UrlId": "gt86"
							}
						],
						"SelectedValue": "0--",
						"UniqueCode": "ModelSerie"
					},
					{
						"IsChanged": false,
						"Label": "Prijs",
						"List": [
							{
								"From": 0,
								"Id": "0",
								"Name": "Alle",
								"To": 0,
								"UrlId": ""
							},
							{
								"From": 0,
								"Id": "0-10000",
								"Name": "... - € 10.000",
								"To": 10000,
								"UrlId": "0-10000"
							},
							{
								"From": 20000,
								"Id": "20000-24999",
								"Name": "€ 20.000 - € 25.000",
								"To": 24999,
								"UrlId": "20000-24999"
							}
						],
						"SelectedValue": "0--",
						"UniqueCode": "PrijsCategorie"
					}
				],
				"ListPageLink": "/auto/tweedehandswagens/producten-lijst",
				"ShowAllResultsButtonText": "Bekijk volledig aanbod",
				"ShowSelectedResultsButtonText": "Toon selectie",
				"Title": "Ik zoek een specifieke wagen"
			},
			"enabled": true
		},
		{
			"key": "Filter-get_responsebody",
			"value": {
				"Filters": [
					{
						"IsChanged": false,
						"Label": "Merk",
						"List": [
							{
								"Checked": false,
								"Count": 1,
								"Id": "2578",
								"Label": "Alfa Romeo"
							},
							{
								"Checked": false,
								"Count": 3,
								"Id": "2579",
								"Label": "Audi"
							},
							{
								"Checked": false,
								"Count": 2,
								"Id": "2580",
								"Label": "BMW"
							},
							{
								"Checked": false,
								"Count": 10,
								"Id": "2581",
								"Label": "Citroën"
							},
							{
								"Checked": false,
								"Count": 2,
								"Id": "2582",
								"Label": "Dacia"
							},
							{
								"Checked": false,
								"Count": 4,
								"Id": "2583",
								"Label": "Fiat"
							},
							{
								"Checked": false,
								"Count": 11,
								"Id": "2584",
								"Label": "Ford"
							},
							{
								"Checked": false,
								"Count": 1,
								"Id": "2613",
								"Label": "Honda"
							},
							{
								"Checked": false,
								"Count": 3,
								"Id": "2585",
								"Label": "Hyundai"
							},
							{
								"Checked": false,
								"Count": 1,
								"Id": "2586",
								"Label": "Infiniti"
							},
							{
								"Checked": false,
								"Count": 1,
								"Id": "2587",
								"Label": "Jaguar"
							},
							{
								"Checked": false,
								"Count": 1,
								"Id": "2588",
								"Label": "Jeep"
							},
							{
								"Checked": false,
								"Count": 5,
								"Id": "2589",
								"Label": "Kia"
							},
							{
								"Checked": false,
								"Count": 3,
								"Id": "2591",
								"Label": "Mazda"
							},
							{
								"Checked": false,
								"Count": 2,
								"Id": "2592",
								"Label": "Mercedes"
							},
							{
								"Checked": false,
								"Count": 5,
								"Id": "2595",
								"Label": "Nissan"
							},
							{
								"Checked": false,
								"Count": 5,
								"Id": "2596",
								"Label": "Opel"
							},
							{
								"Checked": false,
								"Count": 6,
								"Id": "2597",
								"Label": "Peugeot"
							},
							{
								"Checked": false,
								"Count": 4,
								"Id": "2598",
								"Label": "Renault"
							},
							{
								"Checked": false,
								"Count": 2,
								"Id": "2599",
								"Label": "Seat"
							},
							{
								"Checked": false,
								"Count": 4,
								"Id": "2600",
								"Label": "Skoda"
							},
							{
								"Checked": false,
								"Count": 1,
								"Id": "2602",
								"Label": "Ssangyong"
							},
							{
								"Checked": false,
								"Count": 1,
								"Id": "2603",
								"Label": "Suzuki"
							},
							{
								"Checked": false,
								"Count": 2,
								"Id": "2604",
								"Label": "Toyota"
							},
							{
								"Checked": false,
								"Count": 18,
								"Id": "2605",
								"Label": "Volkswagen"
							},
							{
								"Checked": false,
								"Count": 4,
								"Id": "2606",
								"Label": "Volvo"
							}
						],
						"UniqueCode": "Merk"
					},
					{
						"IsChanged": false,
						"Label": "Prijs",
						"List": [
							{
								"Checked": false,
								"Count": 7,
								"Id": "0-10000",
								"Label": "... - € 10.000"
							},
							{
								"Checked": false,
								"Count": 43,
								"Id": "10001-14999",
								"Label": "€ 10.000 - € 15.000"
							},
							{
								"Checked": false,
								"Count": 28,
								"Id": "15000-19999",
								"Label": "€ 15.000 - € 20.000"
							},
							{
								"Checked": false,
								"Count": 17,
								"Id": "20000-24999",
								"Label": "€ 20.000 - € 25.000"
							},
							{
								"Checked": false,
								"Count": 7,
								"Id": "25000-",
								"Label": "€ 25.000 - ..."
							}
						],
						"UniqueCode": "PrijsCategorie"
					},
					{
						"IsChanged": false,
						"Label": "Brandstof",
						"List": [
							{
								"Checked": false,
								"Count": 89,
								"Id": "1",
								"Label": "Benzine"
							},
							{
								"Checked": false,
								"Count": 1,
								"Id": "6",
								"Label": "CNG"
							},
							{
								"Checked": false,
								"Count": 9,
								"Id": "2",
								"Label": "Diesel"
							},
							{
								"Checked": false,
								"Count": 2,
								"Id": "5",
								"Label": "Elektrisch"
							},
							{
								"Checked": false,
								"Count": 1,
								"Id": "4",
								"Label": "LPG"
							}
						],
						"UniqueCode": "Brandstof"
					},
					{
						"IsChanged": false,
						"Label": "Transmissie",
						"List": [
							{
								"Checked": false,
								"Count": 28,
								"Id": "0a525e8bf69941f6896b3529cba5c311",
								"Label": "Automaat"
							},
							{
								"Checked": false,
								"Count": 74,
								"Id": "f5abf91b7bcf49a18e0dd5ae05137e13",
								"Label": "Handgeschakeld"
							}
						],
						"UniqueCode": "Transmissie"
					},
					{
						"IsChanged": false,
						"Label": "Zitplaatsen",
						"List": [
							{
								"Checked": false,
								"Count": 3,
								"Id": ">5",
								"Label": "Meer dan 5"
							}
						],
						"UniqueCode": "Zitplaatsen"
					},
					{
						"IsChanged": false,
						"Label": "Categorie",
						"List": [
							{
								"Checked": false,
								"Count": 3,
								"Id": "4",
								"Label": "Cabriolet"
							},
							{
								"Checked": false,
								"Count": 5,
								"Id": "10",
								"Label": "Compact SUV"
							},
							{
								"Checked": false,
								"Count": 2,
								"Id": "5",
								"Label": "Ecologisch"
							},
							{
								"Checked": false,
								"Count": 73,
								"Id": "3",
								"Label": "Gezinswagen"
							},
							{
								"Checked": false,
								"Count": 36,
								"Id": "7",
								"Label": "Grote gezinswagen"
							},
							{
								"Checked": false,
								"Count": 39,
								"Id": "8",
								"Label": "Hoge instap"
							},
							{
								"Checked": false,
								"Count": 1,
								"Id": "11",
								"Label": "Minibus"
							},
							{
								"Checked": false,
								"Count": 10,
								"Id": "2",
								"Label": "Sportief"
							},
							{
								"Checked": false,
								"Count": 34,
								"Id": "1",
								"Label": "Stadswagen"
							},
							{
								"Checked": false,
								"Count": 11,
								"Id": "6",
								"Label": "SUV - 4x4"
							}
						],
						"UniqueCode": "Categorie"
					}
				]
			},
			"enabled": true
		},
		{
			"key": "FilteredCarCount",
			"value": 7,
			"enabled": true
		},
		{
			"key": "ProductList-Put-SelectFirstBrand-RequestBody",
			"value": "{\"Filters\":[{\"List\":[{\"Id\":\"2578\",\"Label\":\"Alfa Romeo\",\"Count\":1,\"Checked\":true},{\"Id\":\"2579\",\"Label\":\"Audi\",\"Count\":3,\"Checked\":false},{\"Id\":\"2580\",\"Label\":\"BMW\",\"Count\":2,\"Checked\":false},{\"Id\":\"2581\",\"Label\":\"Citroën\",\"Count\":10,\"Checked\":false},{\"Id\":\"2582\",\"Label\":\"Dacia\",\"Count\":2,\"Checked\":false},{\"Id\":\"2583\",\"Label\":\"Fiat\",\"Count\":4,\"Checked\":false},{\"Id\":\"2584\",\"Label\":\"Ford\",\"Count\":11,\"Checked\":false},{\"Id\":\"2613\",\"Label\":\"Honda\",\"Count\":1,\"Checked\":false},{\"Id\":\"2585\",\"Label\":\"Hyundai\",\"Count\":3,\"Checked\":false},{\"Id\":\"2586\",\"Label\":\"Infiniti\",\"Count\":1,\"Checked\":false},{\"Id\":\"2587\",\"Label\":\"Jaguar\",\"Count\":1,\"Checked\":false},{\"Id\":\"2588\",\"Label\":\"Jeep\",\"Count\":1,\"Checked\":false},{\"Id\":\"2589\",\"Label\":\"Kia\",\"Count\":5,\"Checked\":false},{\"Id\":\"2591\",\"Label\":\"Mazda\",\"Count\":3,\"Checked\":false},{\"Id\":\"2592\",\"Label\":\"Mercedes\",\"Count\":2,\"Checked\":false},{\"Id\":\"2595\",\"Label\":\"Nissan\",\"Count\":5,\"Checked\":false},{\"Id\":\"2596\",\"Label\":\"Opel\",\"Count\":5,\"Checked\":false},{\"Id\":\"2597\",\"Label\":\"Peugeot\",\"Count\":6,\"Checked\":false},{\"Id\":\"2598\",\"Label\":\"Renault\",\"Count\":4,\"Checked\":false},{\"Id\":\"2599\",\"Label\":\"Seat\",\"Count\":2,\"Checked\":false},{\"Id\":\"2600\",\"Label\":\"Skoda\",\"Count\":4,\"Checked\":false},{\"Id\":\"2602\",\"Label\":\"Ssangyong\",\"Count\":1,\"Checked\":false},{\"Id\":\"2603\",\"Label\":\"Suzuki\",\"Count\":1,\"Checked\":false},{\"Id\":\"2604\",\"Label\":\"Toyota\",\"Count\":2,\"Checked\":false},{\"Id\":\"2605\",\"Label\":\"Volkswagen\",\"Count\":18,\"Checked\":false},{\"Id\":\"2606\",\"Label\":\"Volvo\",\"Count\":4,\"Checked\":false}],\"IsChanged\":true,\"Label\":\"Merk\",\"UniqueCode\":\"Merk\"},{\"List\":[{\"Id\":\"0-10000\",\"Label\":\"... - € 10.000\",\"Count\":7,\"Checked\":false},{\"Id\":\"10001-14999\",\"Label\":\"€ 10.000 - € 15.000\",\"Count\":43,\"Checked\":false},{\"Id\":\"15000-19999\",\"Label\":\"€ 15.000 - € 20.000\",\"Count\":28,\"Checked\":false},{\"Id\":\"20000-24999\",\"Label\":\"€ 20.000 - € 25.000\",\"Count\":17,\"Checked\":false},{\"Id\":\"25000-\",\"Label\":\"€ 25.000 - ...\",\"Count\":7,\"Checked\":false}],\"IsChanged\":false,\"Label\":\"Prijs\",\"UniqueCode\":\"PrijsCategorie\"},{\"List\":[{\"Id\":\"1\",\"Label\":\"Benzine\",\"Count\":89,\"Checked\":false},{\"Id\":\"6\",\"Label\":\"CNG\",\"Count\":1,\"Checked\":false},{\"Id\":\"2\",\"Label\":\"Diesel\",\"Count\":9,\"Checked\":false},{\"Id\":\"5\",\"Label\":\"Elektrisch\",\"Count\":2,\"Checked\":false},{\"Id\":\"4\",\"Label\":\"LPG\",\"Count\":1,\"Checked\":false}],\"IsChanged\":false,\"Label\":\"Brandstof\",\"UniqueCode\":\"Brandstof\"},{\"List\":[{\"Id\":\"0a525e8bf69941f6896b3529cba5c311\",\"Label\":\"Automaat\",\"Count\":28,\"Checked\":false},{\"Id\":\"f5abf91b7bcf49a18e0dd5ae05137e13\",\"Label\":\"Handgeschakeld\",\"Count\":74,\"Checked\":false}],\"IsChanged\":false,\"Label\":\"Transmissie\",\"UniqueCode\":\"Transmissie\"},{\"List\":[{\"Id\":\">5\",\"Label\":\"Meer dan 5\",\"Count\":3,\"Checked\":false}],\"IsChanged\":false,\"Label\":\"Zitplaatsen\",\"UniqueCode\":\"Zitplaatsen\"},{\"List\":[{\"Id\":\"4\",\"Label\":\"Cabriolet\",\"Count\":3,\"Checked\":false},{\"Id\":\"10\",\"Label\":\"Compact SUV\",\"Count\":5,\"Checked\":false},{\"Id\":\"5\",\"Label\":\"Ecologisch\",\"Count\":2,\"Checked\":false},{\"Id\":\"3\",\"Label\":\"Gezinswagen\",\"Count\":73,\"Checked\":false},{\"Id\":\"7\",\"Label\":\"Grote gezinswagen\",\"Count\":36,\"Checked\":false},{\"Id\":\"8\",\"Label\":\"Hoge instap\",\"Count\":39,\"Checked\":false},{\"Id\":\"11\",\"Label\":\"Minibus\",\"Count\":1,\"Checked\":false},{\"Id\":\"2\",\"Label\":\"Sportief\",\"Count\":10,\"Checked\":false},{\"Id\":\"1\",\"Label\":\"Stadswagen\",\"Count\":34,\"Checked\":false},{\"Id\":\"6\",\"Label\":\"SUV - 4x4\",\"Count\":11,\"Checked\":false}],\"IsChanged\":false,\"Label\":\"Categorie\",\"UniqueCode\":\"Categorie\"}]}",
			"enabled": true
		},
		{
			"key": "filteredCarBrand",
			"value": "Alfa Romeo",
			"enabled": true
		},
		{
			"key": "FilteredFuelCount",
			"value": 89,
			"enabled": true
		},
		{
			"key": "ProductList-Put-SelectFirstFuelType-RequestBody",
			"value": "{\"Filters\":[{\"List\":[{\"Id\":\"2578\",\"Label\":\"Alfa Romeo\",\"Count\":1,\"Checked\":false},{\"Id\":\"2579\",\"Label\":\"Audi\",\"Count\":3,\"Checked\":false},{\"Id\":\"2580\",\"Label\":\"BMW\",\"Count\":2,\"Checked\":false},{\"Id\":\"2581\",\"Label\":\"Citroën\",\"Count\":10,\"Checked\":false},{\"Id\":\"2582\",\"Label\":\"Dacia\",\"Count\":2,\"Checked\":false},{\"Id\":\"2583\",\"Label\":\"Fiat\",\"Count\":4,\"Checked\":false},{\"Id\":\"2584\",\"Label\":\"Ford\",\"Count\":11,\"Checked\":false},{\"Id\":\"2613\",\"Label\":\"Honda\",\"Count\":1,\"Checked\":false},{\"Id\":\"2585\",\"Label\":\"Hyundai\",\"Count\":3,\"Checked\":false},{\"Id\":\"2586\",\"Label\":\"Infiniti\",\"Count\":1,\"Checked\":false},{\"Id\":\"2587\",\"Label\":\"Jaguar\",\"Count\":1,\"Checked\":false},{\"Id\":\"2588\",\"Label\":\"Jeep\",\"Count\":1,\"Checked\":false},{\"Id\":\"2589\",\"Label\":\"Kia\",\"Count\":5,\"Checked\":false},{\"Id\":\"2591\",\"Label\":\"Mazda\",\"Count\":3,\"Checked\":false},{\"Id\":\"2592\",\"Label\":\"Mercedes\",\"Count\":2,\"Checked\":false},{\"Id\":\"2595\",\"Label\":\"Nissan\",\"Count\":5,\"Checked\":false},{\"Id\":\"2596\",\"Label\":\"Opel\",\"Count\":5,\"Checked\":false},{\"Id\":\"2597\",\"Label\":\"Peugeot\",\"Count\":6,\"Checked\":false},{\"Id\":\"2598\",\"Label\":\"Renault\",\"Count\":4,\"Checked\":false},{\"Id\":\"2599\",\"Label\":\"Seat\",\"Count\":2,\"Checked\":false},{\"Id\":\"2600\",\"Label\":\"Skoda\",\"Count\":4,\"Checked\":false},{\"Id\":\"2602\",\"Label\":\"Ssangyong\",\"Count\":1,\"Checked\":false},{\"Id\":\"2603\",\"Label\":\"Suzuki\",\"Count\":1,\"Checked\":false},{\"Id\":\"2604\",\"Label\":\"Toyota\",\"Count\":2,\"Checked\":false},{\"Id\":\"2605\",\"Label\":\"Volkswagen\",\"Count\":18,\"Checked\":false},{\"Id\":\"2606\",\"Label\":\"Volvo\",\"Count\":4,\"Checked\":false}],\"IsChanged\":false,\"Label\":\"Merk\",\"UniqueCode\":\"Merk\"},{\"List\":[{\"Id\":\"0-10000\",\"Label\":\"... - € 10.000\",\"Count\":7,\"Checked\":false},{\"Id\":\"10001-14999\",\"Label\":\"€ 10.000 - € 15.000\",\"Count\":43,\"Checked\":false},{\"Id\":\"15000-19999\",\"Label\":\"€ 15.000 - € 20.000\",\"Count\":28,\"Checked\":false},{\"Id\":\"20000-24999\",\"Label\":\"€ 20.000 - € 25.000\",\"Count\":17,\"Checked\":false},{\"Id\":\"25000-\",\"Label\":\"€ 25.000 - ...\",\"Count\":7,\"Checked\":false}],\"IsChanged\":false,\"Label\":\"Prijs\",\"UniqueCode\":\"PrijsCategorie\"},{\"List\":[{\"Id\":\"1\",\"Label\":\"Benzine\",\"Count\":89,\"Checked\":true},{\"Id\":\"6\",\"Label\":\"CNG\",\"Count\":1,\"Checked\":false},{\"Id\":\"2\",\"Label\":\"Diesel\",\"Count\":9,\"Checked\":false},{\"Id\":\"5\",\"Label\":\"Elektrisch\",\"Count\":2,\"Checked\":false},{\"Id\":\"4\",\"Label\":\"LPG\",\"Count\":1,\"Checked\":false}],\"IsChanged\":true,\"Label\":\"Brandstof\",\"UniqueCode\":\"Brandstof\"},{\"List\":[{\"Id\":\"0a525e8bf69941f6896b3529cba5c311\",\"Label\":\"Automaat\",\"Count\":28,\"Checked\":false},{\"Id\":\"f5abf91b7bcf49a18e0dd5ae05137e13\",\"Label\":\"Handgeschakeld\",\"Count\":74,\"Checked\":false}],\"IsChanged\":false,\"Label\":\"Transmissie\",\"UniqueCode\":\"Transmissie\"},{\"List\":[{\"Id\":\">5\",\"Label\":\"Meer dan 5\",\"Count\":3,\"Checked\":false}],\"IsChanged\":false,\"Label\":\"Zitplaatsen\",\"UniqueCode\":\"Zitplaatsen\"},{\"List\":[{\"Id\":\"4\",\"Label\":\"Cabriolet\",\"Count\":3,\"Checked\":false},{\"Id\":\"10\",\"Label\":\"Compact SUV\",\"Count\":5,\"Checked\":false},{\"Id\":\"5\",\"Label\":\"Ecologisch\",\"Count\":2,\"Checked\":false},{\"Id\":\"3\",\"Label\":\"Gezinswagen\",\"Count\":73,\"Checked\":false},{\"Id\":\"7\",\"Label\":\"Grote gezinswagen\",\"Count\":36,\"Checked\":false},{\"Id\":\"8\",\"Label\":\"Hoge instap\",\"Count\":39,\"Checked\":false},{\"Id\":\"11\",\"Label\":\"Minibus\",\"Count\":1,\"Checked\":false},{\"Id\":\"2\",\"Label\":\"Sportief\",\"Count\":10,\"Checked\":false},{\"Id\":\"1\",\"Label\":\"Stadswagen\",\"Count\":34,\"Checked\":false},{\"Id\":\"6\",\"Label\":\"SUV - 4x4\",\"Count\":11,\"Checked\":false}],\"IsChanged\":false,\"Label\":\"Categorie\",\"UniqueCode\":\"Categorie\"}]}",
			"enabled": true
		},
		{
			"key": "filteredFuelType",
			"value": "Benzine",
			"enabled": true
		},
		{
			"key": "FilteredTransmissionCount",
			"value": 28,
			"enabled": true
		},
		{
			"key": "ProductList-Put-SelectFirstTransmission-RequestBody",
			"value": "{\"Filters\":[{\"List\":[{\"Id\":\"2578\",\"Label\":\"Alfa Romeo\",\"Count\":1,\"Checked\":false},{\"Id\":\"2579\",\"Label\":\"Audi\",\"Count\":3,\"Checked\":false},{\"Id\":\"2580\",\"Label\":\"BMW\",\"Count\":2,\"Checked\":false},{\"Id\":\"2581\",\"Label\":\"Citroën\",\"Count\":10,\"Checked\":false},{\"Id\":\"2582\",\"Label\":\"Dacia\",\"Count\":2,\"Checked\":false},{\"Id\":\"2583\",\"Label\":\"Fiat\",\"Count\":4,\"Checked\":false},{\"Id\":\"2584\",\"Label\":\"Ford\",\"Count\":11,\"Checked\":false},{\"Id\":\"2613\",\"Label\":\"Honda\",\"Count\":1,\"Checked\":false},{\"Id\":\"2585\",\"Label\":\"Hyundai\",\"Count\":3,\"Checked\":false},{\"Id\":\"2586\",\"Label\":\"Infiniti\",\"Count\":1,\"Checked\":false},{\"Id\":\"2587\",\"Label\":\"Jaguar\",\"Count\":1,\"Checked\":false},{\"Id\":\"2588\",\"Label\":\"Jeep\",\"Count\":1,\"Checked\":false},{\"Id\":\"2589\",\"Label\":\"Kia\",\"Count\":5,\"Checked\":false},{\"Id\":\"2591\",\"Label\":\"Mazda\",\"Count\":3,\"Checked\":false},{\"Id\":\"2592\",\"Label\":\"Mercedes\",\"Count\":2,\"Checked\":false},{\"Id\":\"2595\",\"Label\":\"Nissan\",\"Count\":5,\"Checked\":false},{\"Id\":\"2596\",\"Label\":\"Opel\",\"Count\":5,\"Checked\":false},{\"Id\":\"2597\",\"Label\":\"Peugeot\",\"Count\":6,\"Checked\":false},{\"Id\":\"2598\",\"Label\":\"Renault\",\"Count\":4,\"Checked\":false},{\"Id\":\"2599\",\"Label\":\"Seat\",\"Count\":2,\"Checked\":false},{\"Id\":\"2600\",\"Label\":\"Skoda\",\"Count\":4,\"Checked\":false},{\"Id\":\"2602\",\"Label\":\"Ssangyong\",\"Count\":1,\"Checked\":false},{\"Id\":\"2603\",\"Label\":\"Suzuki\",\"Count\":1,\"Checked\":false},{\"Id\":\"2604\",\"Label\":\"Toyota\",\"Count\":2,\"Checked\":false},{\"Id\":\"2605\",\"Label\":\"Volkswagen\",\"Count\":18,\"Checked\":false},{\"Id\":\"2606\",\"Label\":\"Volvo\",\"Count\":4,\"Checked\":false}],\"IsChanged\":false,\"Label\":\"Merk\",\"UniqueCode\":\"Merk\"},{\"List\":[{\"Id\":\"0-10000\",\"Label\":\"... - € 10.000\",\"Count\":7,\"Checked\":false},{\"Id\":\"10001-14999\",\"Label\":\"€ 10.000 - € 15.000\",\"Count\":43,\"Checked\":false},{\"Id\":\"15000-19999\",\"Label\":\"€ 15.000 - € 20.000\",\"Count\":28,\"Checked\":false},{\"Id\":\"20000-24999\",\"Label\":\"€ 20.000 - € 25.000\",\"Count\":17,\"Checked\":false},{\"Id\":\"25000-\",\"Label\":\"€ 25.000 - ...\",\"Count\":7,\"Checked\":false}],\"IsChanged\":false,\"Label\":\"Prijs\",\"UniqueCode\":\"PrijsCategorie\"},{\"List\":[{\"Id\":\"1\",\"Label\":\"Benzine\",\"Count\":89,\"Checked\":false},{\"Id\":\"6\",\"Label\":\"CNG\",\"Count\":1,\"Checked\":false},{\"Id\":\"2\",\"Label\":\"Diesel\",\"Count\":9,\"Checked\":false},{\"Id\":\"5\",\"Label\":\"Elektrisch\",\"Count\":2,\"Checked\":false},{\"Id\":\"4\",\"Label\":\"LPG\",\"Count\":1,\"Checked\":false}],\"IsChanged\":false,\"Label\":\"Brandstof\",\"UniqueCode\":\"Brandstof\"},{\"List\":[{\"Id\":\"0a525e8bf69941f6896b3529cba5c311\",\"Label\":\"Automaat\",\"Count\":28,\"Checked\":true},{\"Id\":\"f5abf91b7bcf49a18e0dd5ae05137e13\",\"Label\":\"Handgeschakeld\",\"Count\":74,\"Checked\":false}],\"IsChanged\":true,\"Label\":\"Transmissie\",\"UniqueCode\":\"Transmissie\"},{\"List\":[{\"Id\":\">5\",\"Label\":\"Meer dan 5\",\"Count\":3,\"Checked\":false}],\"IsChanged\":false,\"Label\":\"Zitplaatsen\",\"UniqueCode\":\"Zitplaatsen\"},{\"List\":[{\"Id\":\"4\",\"Label\":\"Cabriolet\",\"Count\":3,\"Checked\":false},{\"Id\":\"10\",\"Label\":\"Compact SUV\",\"Count\":5,\"Checked\":false},{\"Id\":\"5\",\"Label\":\"Ecologisch\",\"Count\":2,\"Checked\":false},{\"Id\":\"3\",\"Label\":\"Gezinswagen\",\"Count\":73,\"Checked\":false},{\"Id\":\"7\",\"Label\":\"Grote gezinswagen\",\"Count\":36,\"Checked\":false},{\"Id\":\"8\",\"Label\":\"Hoge instap\",\"Count\":39,\"Checked\":false},{\"Id\":\"11\",\"Label\":\"Minibus\",\"Count\":1,\"Checked\":false},{\"Id\":\"2\",\"Label\":\"Sportief\",\"Count\":10,\"Checked\":false},{\"Id\":\"1\",\"Label\":\"Stadswagen\",\"Count\":34,\"Checked\":false},{\"Id\":\"6\",\"Label\":\"SUV - 4x4\",\"Count\":11,\"Checked\":false}],\"IsChanged\":false,\"Label\":\"Categorie\",\"UniqueCode\":\"Categorie\"}]}",
			"enabled": true
		},
		{
			"key": "filteredTransmission",
			"value": "Automaat",
			"enabled": true
		},
		{
			"key": "FilteredCarCategory",
			"value": {
				"Checked": false,
				"Count": 4,
				"Id": "4",
				"Label": "Cabriolet"
			},
			"enabled": true
		},
		{
			"key": "filteredCarCategory",
			"value": "",
			"enabled": true
		},
		{
			"key": "ProductList-Put-SelectCategory-RequestBody",
			"value": "{\"Filters\":[{\"List\":[{\"Id\":\"2578\",\"Label\":\"Alfa Romeo\",\"Count\":1,\"Checked\":false},{\"Id\":\"2579\",\"Label\":\"Audi\",\"Count\":3,\"Checked\":false},{\"Id\":\"2580\",\"Label\":\"BMW\",\"Count\":2,\"Checked\":false},{\"Id\":\"2581\",\"Label\":\"Citroën\",\"Count\":10,\"Checked\":false},{\"Id\":\"2582\",\"Label\":\"Dacia\",\"Count\":2,\"Checked\":false},{\"Id\":\"2583\",\"Label\":\"Fiat\",\"Count\":4,\"Checked\":false},{\"Id\":\"2584\",\"Label\":\"Ford\",\"Count\":11,\"Checked\":false},{\"Id\":\"2613\",\"Label\":\"Honda\",\"Count\":1,\"Checked\":false},{\"Id\":\"2585\",\"Label\":\"Hyundai\",\"Count\":3,\"Checked\":false},{\"Id\":\"2586\",\"Label\":\"Infiniti\",\"Count\":1,\"Checked\":false},{\"Id\":\"2587\",\"Label\":\"Jaguar\",\"Count\":1,\"Checked\":false},{\"Id\":\"2588\",\"Label\":\"Jeep\",\"Count\":1,\"Checked\":false},{\"Id\":\"2589\",\"Label\":\"Kia\",\"Count\":5,\"Checked\":false},{\"Id\":\"2591\",\"Label\":\"Mazda\",\"Count\":3,\"Checked\":false},{\"Id\":\"2592\",\"Label\":\"Mercedes\",\"Count\":2,\"Checked\":false},{\"Id\":\"2595\",\"Label\":\"Nissan\",\"Count\":5,\"Checked\":false},{\"Id\":\"2596\",\"Label\":\"Opel\",\"Count\":5,\"Checked\":false},{\"Id\":\"2597\",\"Label\":\"Peugeot\",\"Count\":6,\"Checked\":false},{\"Id\":\"2598\",\"Label\":\"Renault\",\"Count\":4,\"Checked\":false},{\"Id\":\"2599\",\"Label\":\"Seat\",\"Count\":2,\"Checked\":false},{\"Id\":\"2600\",\"Label\":\"Skoda\",\"Count\":4,\"Checked\":false},{\"Id\":\"2602\",\"Label\":\"Ssangyong\",\"Count\":1,\"Checked\":false},{\"Id\":\"2603\",\"Label\":\"Suzuki\",\"Count\":1,\"Checked\":false},{\"Id\":\"2604\",\"Label\":\"Toyota\",\"Count\":2,\"Checked\":false},{\"Id\":\"2605\",\"Label\":\"Volkswagen\",\"Count\":18,\"Checked\":false},{\"Id\":\"2606\",\"Label\":\"Volvo\",\"Count\":4,\"Checked\":false}],\"IsChanged\":false,\"Label\":\"Merk\",\"UniqueCode\":\"Merk\"},{\"List\":[{\"Id\":\"0-10000\",\"Label\":\"... - € 10.000\",\"Count\":7,\"Checked\":false},{\"Id\":\"10001-14999\",\"Label\":\"€ 10.000 - € 15.000\",\"Count\":43,\"Checked\":false},{\"Id\":\"15000-19999\",\"Label\":\"€ 15.000 - € 20.000\",\"Count\":28,\"Checked\":false},{\"Id\":\"20000-24999\",\"Label\":\"€ 20.000 - € 25.000\",\"Count\":17,\"Checked\":false},{\"Id\":\"25000-\",\"Label\":\"€ 25.000 - ...\",\"Count\":7,\"Checked\":false}],\"IsChanged\":false,\"Label\":\"Prijs\",\"UniqueCode\":\"PrijsCategorie\"},{\"List\":[{\"Id\":\"1\",\"Label\":\"Benzine\",\"Count\":89,\"Checked\":false},{\"Id\":\"6\",\"Label\":\"CNG\",\"Count\":1,\"Checked\":false},{\"Id\":\"2\",\"Label\":\"Diesel\",\"Count\":9,\"Checked\":false},{\"Id\":\"5\",\"Label\":\"Elektrisch\",\"Count\":2,\"Checked\":false},{\"Id\":\"4\",\"Label\":\"LPG\",\"Count\":1,\"Checked\":false}],\"IsChanged\":false,\"Label\":\"Brandstof\",\"UniqueCode\":\"Brandstof\"},{\"List\":[{\"Id\":\"0a525e8bf69941f6896b3529cba5c311\",\"Label\":\"Automaat\",\"Count\":28,\"Checked\":false},{\"Id\":\"f5abf91b7bcf49a18e0dd5ae05137e13\",\"Label\":\"Handgeschakeld\",\"Count\":74,\"Checked\":false}],\"IsChanged\":false,\"Label\":\"Transmissie\",\"UniqueCode\":\"Transmissie\"},{\"List\":[{\"Id\":\">5\",\"Label\":\"Meer dan 5\",\"Count\":3,\"Checked\":false}],\"IsChanged\":false,\"Label\":\"Zitplaatsen\",\"UniqueCode\":\"Zitplaatsen\"},{\"List\":[{\"Id\":\"4\",\"Label\":\"Cabriolet\",\"Count\":3,\"Checked\":true},{\"Id\":\"10\",\"Label\":\"Compact SUV\",\"Count\":5,\"Checked\":false},{\"Id\":\"5\",\"Label\":\"Ecologisch\",\"Count\":2,\"Checked\":false},{\"Id\":\"3\",\"Label\":\"Gezinswagen\",\"Count\":73,\"Checked\":false},{\"Id\":\"7\",\"Label\":\"Grote gezinswagen\",\"Count\":36,\"Checked\":false},{\"Id\":\"8\",\"Label\":\"Hoge instap\",\"Count\":39,\"Checked\":false},{\"Id\":\"11\",\"Label\":\"Minibus\",\"Count\":1,\"Checked\":false},{\"Id\":\"2\",\"Label\":\"Sportief\",\"Count\":10,\"Checked\":false},{\"Id\":\"1\",\"Label\":\"Stadswagen\",\"Count\":34,\"Checked\":false},{\"Id\":\"6\",\"Label\":\"SUV - 4x4\",\"Count\":11,\"Checked\":false}],\"IsChanged\":false,\"Label\":\"Categorie\",\"UniqueCode\":\"Categorie\"}]}",
			"enabled": true
		},
		{
			"key": "ProductList-Put-SelectCarsAbove25K-RequestBody",
			"value": "{\"Filters\":[{\"List\":[{\"Id\":\"2578\",\"Label\":\"Alfa Romeo\",\"Count\":1,\"Checked\":false},{\"Id\":\"2579\",\"Label\":\"Audi\",\"Count\":3,\"Checked\":false},{\"Id\":\"2580\",\"Label\":\"BMW\",\"Count\":2,\"Checked\":false},{\"Id\":\"2581\",\"Label\":\"Citroën\",\"Count\":10,\"Checked\":false},{\"Id\":\"2582\",\"Label\":\"Dacia\",\"Count\":2,\"Checked\":false},{\"Id\":\"2583\",\"Label\":\"Fiat\",\"Count\":4,\"Checked\":false},{\"Id\":\"2584\",\"Label\":\"Ford\",\"Count\":11,\"Checked\":false},{\"Id\":\"2613\",\"Label\":\"Honda\",\"Count\":1,\"Checked\":false},{\"Id\":\"2585\",\"Label\":\"Hyundai\",\"Count\":3,\"Checked\":false},{\"Id\":\"2586\",\"Label\":\"Infiniti\",\"Count\":1,\"Checked\":false},{\"Id\":\"2587\",\"Label\":\"Jaguar\",\"Count\":1,\"Checked\":false},{\"Id\":\"2588\",\"Label\":\"Jeep\",\"Count\":1,\"Checked\":false},{\"Id\":\"2589\",\"Label\":\"Kia\",\"Count\":5,\"Checked\":false},{\"Id\":\"2591\",\"Label\":\"Mazda\",\"Count\":3,\"Checked\":false},{\"Id\":\"2592\",\"Label\":\"Mercedes\",\"Count\":2,\"Checked\":false},{\"Id\":\"2595\",\"Label\":\"Nissan\",\"Count\":5,\"Checked\":false},{\"Id\":\"2596\",\"Label\":\"Opel\",\"Count\":5,\"Checked\":false},{\"Id\":\"2597\",\"Label\":\"Peugeot\",\"Count\":6,\"Checked\":false},{\"Id\":\"2598\",\"Label\":\"Renault\",\"Count\":4,\"Checked\":false},{\"Id\":\"2599\",\"Label\":\"Seat\",\"Count\":2,\"Checked\":false},{\"Id\":\"2600\",\"Label\":\"Skoda\",\"Count\":4,\"Checked\":false},{\"Id\":\"2602\",\"Label\":\"Ssangyong\",\"Count\":1,\"Checked\":false},{\"Id\":\"2603\",\"Label\":\"Suzuki\",\"Count\":1,\"Checked\":false},{\"Id\":\"2604\",\"Label\":\"Toyota\",\"Count\":2,\"Checked\":false},{\"Id\":\"2605\",\"Label\":\"Volkswagen\",\"Count\":18,\"Checked\":false},{\"Id\":\"2606\",\"Label\":\"Volvo\",\"Count\":4,\"Checked\":false}],\"IsChanged\":false,\"Label\":\"Merk\",\"UniqueCode\":\"Merk\"},{\"List\":[{\"Id\":\"0-10000\",\"Label\":\"... - € 10.000\",\"Count\":7,\"Checked\":false},{\"Id\":\"10001-14999\",\"Label\":\"€ 10.000 - € 15.000\",\"Count\":43,\"Checked\":false},{\"Id\":\"15000-19999\",\"Label\":\"€ 15.000 - € 20.000\",\"Count\":28,\"Checked\":false},{\"Id\":\"20000-24999\",\"Label\":\"€ 20.000 - € 25.000\",\"Count\":17,\"Checked\":false},{\"Id\":\"25000-\",\"Label\":\"€ 25.000 - ...\",\"Count\":7,\"Checked\":true}],\"IsChanged\":true,\"Label\":\"Prijs\",\"UniqueCode\":\"PrijsCategorie\"},{\"List\":[{\"Id\":\"1\",\"Label\":\"Benzine\",\"Count\":89,\"Checked\":false},{\"Id\":\"6\",\"Label\":\"CNG\",\"Count\":1,\"Checked\":false},{\"Id\":\"2\",\"Label\":\"Diesel\",\"Count\":9,\"Checked\":false},{\"Id\":\"5\",\"Label\":\"Elektrisch\",\"Count\":2,\"Checked\":false},{\"Id\":\"4\",\"Label\":\"LPG\",\"Count\":1,\"Checked\":false}],\"IsChanged\":false,\"Label\":\"Brandstof\",\"UniqueCode\":\"Brandstof\"},{\"List\":[{\"Id\":\"0a525e8bf69941f6896b3529cba5c311\",\"Label\":\"Automaat\",\"Count\":28,\"Checked\":false},{\"Id\":\"f5abf91b7bcf49a18e0dd5ae05137e13\",\"Label\":\"Handgeschakeld\",\"Count\":74,\"Checked\":false}],\"IsChanged\":false,\"Label\":\"Transmissie\",\"UniqueCode\":\"Transmissie\"},{\"List\":[{\"Id\":\">5\",\"Label\":\"Meer dan 5\",\"Count\":3,\"Checked\":false}],\"IsChanged\":false,\"Label\":\"Zitplaatsen\",\"UniqueCode\":\"Zitplaatsen\"},{\"List\":[{\"Id\":\"4\",\"Label\":\"Cabriolet\",\"Count\":3,\"Checked\":false},{\"Id\":\"10\",\"Label\":\"Compact SUV\",\"Count\":5,\"Checked\":false},{\"Id\":\"5\",\"Label\":\"Ecologisch\",\"Count\":2,\"Checked\":false},{\"Id\":\"3\",\"Label\":\"Gezinswagen\",\"Count\":73,\"Checked\":false},{\"Id\":\"7\",\"Label\":\"Grote gezinswagen\",\"Count\":36,\"Checked\":false},{\"Id\":\"8\",\"Label\":\"Hoge instap\",\"Count\":39,\"Checked\":false},{\"Id\":\"11\",\"Label\":\"Minibus\",\"Count\":1,\"Checked\":false},{\"Id\":\"2\",\"Label\":\"Sportief\",\"Count\":10,\"Checked\":false},{\"Id\":\"1\",\"Label\":\"Stadswagen\",\"Count\":34,\"Checked\":false},{\"Id\":\"6\",\"Label\":\"SUV - 4x4\",\"Count\":11,\"Checked\":false}],\"IsChanged\":false,\"Label\":\"Categorie\",\"UniqueCode\":\"Categorie\"}]}",
			"enabled": true
		},
		{
			"key": "filteredPriceRange",
			"value": "€ 25.000 - ...",
			"enabled": true
		},
		{
			"key": "FilteredCategoryCount",
			"value": 3,
			"enabled": true
		},
		{
			"key": "filteredCarCategory",
			"value": "Cabriolet",
			"enabled": true
		}
	],
	"_postman_variable_scope": "environment",
	"_postman_exported_at": "2020-11-03T09:31:30.033Z",
	"_postman_exported_using": "Postman/7.34.0"
}