{
	"info": {
		"_postman_id": "9aa84477-f5ea-44e3-89b0-84c81fe6c216",
		"name": "2ehandswebsite",
		"schema": "https://schema.getpostman.com/json/collection/v2.1.0/collection.json"
	},
	"item": [
		{
			"name": "postman category check",
			"item": [
				{
					"name": "Filter-GET Copy",
					"event": [
						{
							"listen": "test",
							"script": {
								"id": "f0d14f77-35d3-40fd-9f7d-bc23b5dfb839",
								"exec": [
									"//store response to use as a requestbody for a put request",
									"pm.environment.set(\"Filter-get_responsebody\", pm.response.json());",
									"console.log(pm.environment.get(\"Filter-get_responsebody\"));",
									"",
									"pm.test(\"Status code is 200\", function () {",
									"    pm.response.to.have.status(200);",
									"});",
									""
								],
								"type": "text/javascript"
							}
						}
					],
					"request": {
						"method": "GET",
						"header": [],
						"url": {
							"raw": "{{BaseURL}}nl/api/2ehands/filter/get",
							"host": [
								"{{BaseURL}}nl"
							],
							"path": [
								"api",
								"2ehands",
								"filter",
								"get"
							]
						},
						"description": "**NOTE: Send filter request as if no brand, model, price range was selected. The response will serve as input for all other put requests."
					},
					"response": []
				},
				{
					"name": "Productlist-put-selectedCategory",
					"event": [
						{
							"listen": "prerequest",
							"script": {
								"id": "6281b3a5-84c1-40fc-9563-c8ee38320f68",
								"exec": [
									"var filterget_responsebody = pm.environment.get(\"Filter-get_responsebody\");",
									"var MaxResultsPerPage = Number(pm.environment.get(\"MaxResultsPerPage\"));",
									"",
									"",
									"var CategoryIndex = 0; //0 in case of first Category viewed",
									"pm.environment.set(\"filteredCarCategory\",filterget_responsebody.Filters[5].List[CategoryIndex].Label);",
									"",
									"if(filterget_responsebody.Filters[5].List[CategoryIndex].Count > MaxResultsPerPage){",
									"    pm.environment.set(\"FilteredCategoryCount\",MaxResultsPerPage); //50 is max results per page on acc, 8 on TST when having created this test.",
									"} else",
									"{",
									"    pm.environment.set(\"FilteredCategoryCount\",filterget_responsebody.Filters[5].List[CategoryIndex].Count);",
									"}",
									"",
									"",
									"//update body to fake having checked the first brand in the filter",
									"filterget_responsebody.Filters[5].List[CategoryIndex].Label = \"Cabriolet\"; //pick first category",
									"filterget_responsebody.Filters[5].List[CategoryIndex].Checked=true;",
									"//filterget_responsebody.Filters[5].IsChanged=true;",
									"//console.log(filterget_responsebody.Filters[5].List[CategoryIndex].IsChanged=\"true\");",
									"pm.environment.set(\"ProductList-Put-SelectCategory-RequestBody\",JSON.stringify(filterget_responsebody));",
									"",
									"",
									""
								],
								"type": "text/javascript"
							}
						},
						{
							"listen": "test",
							"script": {
								"id": "37ca249f-fc52-47b7-873e-eacb9f1050cd",
								"exec": [
									"var ResponseBody = pm.response.json();",
									"",
									"var CarCategory =  pm.environment.get(\"filteredCarCategory\");",
									"var CountCategory = pm.environment.get(\"FilteredCategoryCount\");",
									"",
									"    pm.test(\"Verify only categories of cabriolet '\" + \"filteredCarCategory\" + \"' are displayed\", function () {",
									"        pm.expect(CarCategory).to.include(\"Cabriolet\");",
									"    });"
								],
								"type": "text/javascript"
							}
						}
					],
					"request": {
						"method": "PUT",
						"header": [
							{
								"key": "Content-Type",
								"name": "Content-Type",
								"value": "application/json",
								"type": "text"
							}
						],
						"body": {
							"mode": "raw",
							"raw": "{{ProductList-Put-SelectCategory-RequestBody}}"
						},
						"url": {
							"raw": "{{BaseURL}}nl/api/2ehands/filter/put",
							"host": [
								"{{BaseURL}}nl"
							],
							"path": [
								"api",
								"2ehands",
								"filter",
								"put"
							]
						}
					},
					"response": []
				}
			],
			"protocolProfileBehavior": {}
		},
		{
			"name": "SiteCoreAPI",
			"item": [
				{
					"name": "Quicksearch",
					"item": [
						{
							"name": "QuickSearch-get",
							"event": [
								{
									"listen": "test",
									"script": {
										"id": "05a7f58f-a972-4f34-9116-0549edaf4495",
										"type": "text/javascript",
										"exec": [
											"pm.test('Validate if brands are retrieved', function () {",
											"    var jsonData = pm.response.json();",
											"    pm.expect(jsonData.Components[0].List).to.have.lengthOf.above(0);",
											"});",
											"",
											"pm.test('Validate if price ranges are retrieved', function () {",
											"    var jsonData = pm.response.json();",
											"    pm.expect(jsonData.Components[2].List).to.have.lengthOf.above(0);",
											"});",
											"",
											"//stores response as an object, not as a string",
											"pm.environment.set('quicksearchget_responsebody',pm.response.json());",
											"",
											"//console.log(\"qsdf:\" + pm.variables.get(\"quicksearchget_responsebody\"));"
										]
									}
								}
							],
							"request": {
								"method": "GET",
								"header": [],
								"url": {
									"raw": "{{BaseURL}}nl/api/2ehands/quicksearch/get",
									"host": [
										"{{BaseURL}}nl"
									],
									"path": [
										"api",
										"2ehands",
										"quicksearch",
										"get"
									]
								}
							},
							"response": []
						},
						{
							"name": "Quicksearch-putBrand",
							"event": [
								{
									"listen": "prerequest",
									"script": {
										"id": "ba11515c-0984-4f7f-8e79-12eef432b2c6",
										"exec": [
											"var getResponseBody = '';",
											"var putRequestBody='';",
											"",
											"//Get response of quicksearch-get",
											"getResponseBody = pm.environment.get('quicksearchget_responsebody');",
											"//console.log(getResponseBody);",
											"",
											"//update requestbody with a selected value",
											"var randomBrandid = '';",
											"var randomUrlid = '';",
											"var randomBrandObject = '';",
											"var numberOfBrands = '';",
											"",
											"numberOfBrands = getResponseBody.Components[0].List.length;",
											"var randomlistitem = Math.floor(Math.random() * numberOfBrands);",
											"if(randomlistitem<1){",
											"    randomlistitem = randomlistitem+1;",
											"}",
											"console.log(\"NumberOfBrands: \" + numberOfBrands + \" RandomListItemNumber: \" + randomlistitem);",
											"",
											"randomBrandObject = getResponseBody.Components[0].List[randomlistitem]; //select random item in the list of brands",
											"",
											"randomBrandid = JSON.stringify(randomBrandObject.Id);",
											"randomBrandid = randomBrandid.replace(new RegExp('\"', 'g'),''); //replaceall van doublequotes",
											"",
											"randomUrlid = JSON.stringify(randomBrandObject.UrlId);",
											"randomUrlid = randomUrlid.replace(new RegExp('\"', 'g'),''); //replaceall van doublequotes",
											"",
											"//console.log('randombrandid:' + randomBrandid + ' randomUrlid:' + randomUrlid);",
											"",
											"putRequestBody=getResponseBody;",
											"putRequestBody.Components[0].SelectedValue = randomBrandid + '--' + randomUrlid;",
											"putRequestBody.Components[0].IsChanged = true;",
											"console.log(putRequestBody);",
											"",
											"",
											"//update current requestbody to perform a valid put",
											"pm.environment.set('quicksearch-putBrand_requestBody',JSON.stringify(putRequestBody));"
										],
										"type": "text/javascript"
									}
								},
								{
									"listen": "test",
									"script": {
										"id": "bf24bcc1-73a7-4e8a-9237-f71afae5507c",
										"exec": [
											"pm.test('Validate if at least 1 model is available to choose from', function () {",
											"    var jsonData = pm.response.json();",
											"    pm.expect(jsonData.Components[1].List).to.have.lengthOf.above(1);",
											"});",
											"",
											"//stores response as an object, not as a string",
											"pm.environment.set('quicksearch-putBrand_responseBody',pm.response.json());",
											"",
											"//console.log('>> next request will be quicksearch-putModel');",
											"//postman.setNextRequest('Quicksearch-putModel');"
										],
										"type": "text/javascript"
									}
								}
							],
							"request": {
								"method": "PUT",
								"header": [
									{
										"key": "Content-Type",
										"value": "application/json"
									}
								],
								"body": {
									"mode": "raw",
									"raw": "{{quicksearch-putBrand_requestBody}}"
								},
								"url": {
									"raw": "{{BaseURL}}nl/api/2ehands/quicksearch/put",
									"host": [
										"{{BaseURL}}nl"
									],
									"path": [
										"api",
										"2ehands",
										"quicksearch",
										"put"
									]
								}
							},
							"response": []
						},
						{
							"name": "Quicksearch-putModel",
							"event": [
								{
									"listen": "prerequest",
									"script": {
										"id": "8d508ca7-7387-4dd2-b831-0f32f999e030",
										"type": "text/javascript",
										"exec": [
											"var getResponseBody = '';",
											"var putRequestBody='';",
											"",
											"//Get response of quicksearch-get",
											"getResponseBody = pm.variables.get('quicksearch-putBrand_responseBody');",
											"//console.log(getResponseBody);",
											"",
											"//update requestbody with a selected value",
											"var randomModelid = '';",
											"var randomUrlid = '';",
											"var randomModelObject = '';",
											"var numberOfModels = '';",
											"",
											"numberOfModels = getResponseBody.Components[1].List.length;",
											"var randomlistitem = Math.floor(Math.random() * numberOfModels);",
											"if(randomlistitem<1){",
											"    randomlistitem = randomlistitem+1",
											"}",
											"console.log(\"NumberOfModels: \" + numberOfModels + \" RandomListItemNumber: \" + randomlistitem);",
											"",
											"randomModelObject = getResponseBody.Components[1].List[randomlistitem]; //select random item in the list of brands",
											"",
											"randomModelid = JSON.stringify(randomModelObject.Id);",
											"randomModelid = randomModelid.replace(new RegExp('\"', 'g'),''); //replaceall van doublequotes",
											"",
											"randomUrlid = JSON.stringify(randomModelObject.UrlId);",
											"randomUrlid = randomUrlid.replace(new RegExp('\"', 'g'),''); //replaceall van doublequotes",
											"",
											"console.log('randomModelid:' + randomModelid + ' randomUrlid:' + randomUrlid);",
											"",
											"putRequestBody=getResponseBody;",
											"putRequestBody.Components[1].SelectedValue = randomModelid + '--' + randomUrlid;",
											"putRequestBody.Components[1].IsChanged = true;",
											"//console.log(putRequestBody);",
											"",
											"",
											"//update current requestbody to perform a valid put",
											"pm.variables.set('quicksearch-putModel_requestBody',JSON.stringify(putRequestBody));"
										]
									}
								},
								{
									"listen": "test",
									"script": {
										"id": "bd329b15-1b9e-4022-932c-7ff22110425a",
										"type": "text/javascript",
										"exec": [
											"pm.test('Validate if at least 1 model is available to choose from', function () {",
											"    var jsonData = pm.response.json();",
											"    pm.expect(jsonData.Components[1].List).to.have.lengthOf.above(1);",
											"});"
										]
									}
								}
							],
							"request": {
								"method": "PUT",
								"header": [
									{
										"key": "Content-Type",
										"value": "application/json"
									}
								],
								"body": {
									"mode": "raw",
									"raw": "{{quicksearch-putModel_requestBody}}"
								},
								"url": {
									"raw": "{{BaseURL}}nl/api/2ehands/quicksearch/put",
									"host": [
										"{{BaseURL}}nl"
									],
									"path": [
										"api",
										"2ehands",
										"quicksearch",
										"put"
									]
								}
							},
							"response": []
						}
					],
					"event": [
						{
							"listen": "prerequest",
							"script": {
								"id": "f2968277-403f-41a6-bdf2-9b5080b7d3d6",
								"type": "text/javascript",
								"exec": [
									""
								]
							}
						},
						{
							"listen": "test",
							"script": {
								"id": "fec75eda-fbb2-4301-9abe-5cc5ece6389f",
								"type": "text/javascript",
								"exec": [
									"pm.test('Validate if Status code is 200', function () {",
									"    pm.response.to.have.status(200);",
									"});"
								]
							}
						}
					],
					"protocolProfileBehavior": {},
					"_postman_isSubFolder": true
				},
				{
					"name": "ProductList",
					"item": [
						{
							"name": "Filter-GET",
							"event": [
								{
									"listen": "test",
									"script": {
										"id": "4f2777b3-ea75-472c-8648-30d7914e925f",
										"type": "text/javascript",
										"exec": [
											"//store response to use as a requestbody for a put request",
											"pm.environment.set(\"Filter-get_responsebody\", pm.response.json());",
											"console.log(pm.environment.get(\"Filter-get_responsebody\"));",
											"",
											"pm.test(\"Status code is 200\", function () {",
											"    pm.response.to.have.status(200);",
											"});"
										]
									}
								}
							],
							"request": {
								"method": "GET",
								"header": [],
								"url": {
									"raw": "{{BaseURL}}nl/api/2ehands/filter/get",
									"host": [
										"{{BaseURL}}nl"
									],
									"path": [
										"api",
										"2ehands",
										"filter",
										"get"
									]
								},
								"description": "**NOTE: Send filter request as if no brand, model, price range was selected. The response will serve as input for all other put requests."
							},
							"response": []
						},
						{
							"name": "ProductList-Put-SelectOnlyFirstBrand",
							"event": [
								{
									"listen": "test",
									"script": {
										"id": "a5967276-a1b5-4233-9058-5bed6ea5a633",
										"exec": [
											"var ResponseBody = pm.response.json();",
											"",
											"var filteredCarBrand =  pm.environment.get(\"filteredCarBrand\");",
											"",
											"pm.test(\"Verify count of cars of brand '\" + filteredCarBrand + \"' equals \" + pm.environment.get(\"FilteredCarCount\"), function(){",
											"    pm.expect(pm.environment.get(\"FilteredCarCount\")).to.equal(ResponseBody.Cars.length);",
											"    //console.log(\"ResponseBody.Cars.length: \" +ResponseBody.Cars.length + \" = \" + pm.environment.get(\"FilteredCarCount\"));",
											"});",
											"",
											"//check for every car that it is from the expected brand",
											"ResponseBody.Cars.forEach(function(auto){",
											"    //console.log(\"Checking if: \"+ auto.Name + \" is of brand: \" + filteredCarBrand);",
											"    ",
											"    pm.test(\"Verify only cars of brand '\" + filteredCarBrand + \"' are displayed\", function () {",
											"        pm.expect(auto.Name).to.include(filteredCarBrand);",
											"    });",
											"});"
										],
										"type": "text/javascript"
									}
								},
								{
									"listen": "prerequest",
									"script": {
										"id": "25f24f80-8be7-4b25-baf0-7f67ebb440d7",
										"exec": [
											"var filterget_responsebody = pm.environment.get(\"Filter-get_responsebody\");",
											"var MaxResultsPerPage = Number(pm.environment.get(\"MaxResultsPerPage\"));",
											"",
											"console.log(filterget_responsebody);",
											"//store label and count of first brand",
											"var carIndex = 0; // =0 in case of first car",
											"",
											"pm.environment.set(\"filteredCarBrand\",filterget_responsebody.Filters[0].List[carIndex].Label);",
											"if(filterget_responsebody.Filters[0].List[carIndex].Count > MaxResultsPerPage){",
											"    pm.environment.set(\"FilteredCarCount\",MaxResultsPerPage); //50 is max results per page on acc, 8 on TST when having created this test.",
											"} else",
											"{",
											"    pm.environment.set(\"FilteredCarCount\",filterget_responsebody.Filters[0].List[carIndex].Count);",
											"}",
											"",
											"",
											"//update body to fake having checked the first brand in the filter",
											"filterget_responsebody.Filters[0].List[carIndex].Checked = true; //pick first brand",
											"//console.log(pm.environment.get(\"Filter-get_responsebody\"));",
											"filterget_responsebody.Filters[0].IsChanged=true;",
											"pm.environment.set(\"ProductList-Put-SelectFirstBrand-RequestBody\",JSON.stringify(filterget_responsebody));",
											"//console.log(pm.environment.get(\"Filter-get_responsebody\"));"
										],
										"type": "text/javascript"
									}
								}
							],
							"request": {
								"method": "PUT",
								"header": [
									{
										"key": "Content-Type",
										"value": "application/json"
									}
								],
								"body": {
									"mode": "raw",
									"raw": "{{ProductList-Put-SelectFirstBrand-RequestBody}}"
								},
								"url": {
									"raw": "{{BaseURL}}nl/api/2ehands/productlist/put?page=1",
									"host": [
										"{{BaseURL}}nl"
									],
									"path": [
										"api",
										"2ehands",
										"productlist",
										"put"
									],
									"query": [
										{
											"key": "page",
											"value": "1"
										}
									]
								}
							},
							"response": []
						},
						{
							"name": "Filter-GET",
							"event": [
								{
									"listen": "test",
									"script": {
										"id": "20f3221a-6015-42ef-8c0b-0b640b71140a",
										"type": "text/javascript",
										"exec": [
											"//store response to use as a requestbody for a put request",
											"pm.environment.set(\"Filter-get_responsebody\", pm.response.json());",
											"console.log(pm.environment.get(\"Filter-get_responsebody\"));",
											"",
											"pm.test(\"Status code is 200\", function () {",
											"    pm.response.to.have.status(200);",
											"});"
										]
									}
								}
							],
							"request": {
								"method": "GET",
								"header": [],
								"url": {
									"raw": "{{BaseURL}}nl/api/2ehands/filter/get",
									"host": [
										"{{BaseURL}}nl"
									],
									"path": [
										"api",
										"2ehands",
										"filter",
										"get"
									]
								},
								"description": "**NOTE: Send filter request as if no brand, model, price range was selected. The response will serve as input for all other put requests."
							},
							"response": []
						},
						{
							"name": "ProductList-Put-SelectFirstFuelType",
							"event": [
								{
									"listen": "prerequest",
									"script": {
										"id": "109d6059-755e-4ae1-8d90-c64cae0f15bf",
										"exec": [
											"var filterget_responsebody = pm.environment.get(\"Filter-get_responsebody\");",
											"var MaxResultsPerPage = Number(pm.environment.get(\"MaxResultsPerPage\"));",
											"",
											"",
											"//store label and count of first brand",
											"var fuelIndex = 0; // =0 in case of first fueltype",
											"pm.environment.set(\"filteredFuelType\",filterget_responsebody.Filters[2].List[fuelIndex].Label);",
											"if(filterget_responsebody.Filters[2].List[fuelIndex].Count > MaxResultsPerPage){",
											"    pm.environment.set(\"FilteredFuelCount\",MaxResultsPerPage); //50 is max results per page on acc, 8 on TST when having created this test.",
											"}else",
											"{",
											"    pm.environment.set(\"FilteredFuelCount\",filterget_responsebody.Filters[2].List[fuelIndex].Count);",
											"}",
											"",
											"//update body to fake having checked the first brand in the filter",
											"filterget_responsebody.Filters[2].List[fuelIndex].Checked = true; //pick first fueltype",
											"filterget_responsebody.Filters[2].IsChanged=true;",
											"pm.environment.set(\"ProductList-Put-SelectFirstFuelType-RequestBody\",JSON.stringify(filterget_responsebody));"
										],
										"type": "text/javascript"
									}
								},
								{
									"listen": "test",
									"script": {
										"id": "5433bf0b-27c2-4d36-9017-6d94bed36dc5",
										"exec": [
											"var ResponseBody = pm.response.json();",
											"",
											"var filteredFuelType =  pm.environment.get(\"filteredFuelType\");",
											"var FilteredFuelCount = pm.environment.get(\"FilteredFuelCount\");",
											"",
											"pm.test(\"Verify count of cars of fueltype '\" + filteredFuelType + \"' equals \" + pm.environment.get(\"FilteredFuelCount\"), function(){",
											"    //console.log(\"ResponseBody.Cars.length: \" +ResponseBody.Cars.length + \" = \" + pm.environment.get(\"FilteredFuelCount\"));",
											"    pm.expect(ResponseBody.Results).to.equal(FilteredFuelCount);",
											"});",
											"",
											"ResponseBody.Cars.forEach(function(auto){",
											"    //console.log(\"Checking if: \"+ auto.Name + \" is of brand: \" + filteredCarBrand);",
											"    ",
											"    pm.test(\"Verify only cars of fueltype '\" + filteredFuelType + \"' are displayed\", function () {",
											"        pm.expect(auto.Fuel).to.include(filteredFuelType);",
											"    });",
											"});"
										],
										"type": "text/javascript"
									}
								}
							],
							"request": {
								"method": "PUT",
								"header": [
									{
										"key": "Content-Type",
										"value": "application/json"
									}
								],
								"body": {
									"mode": "raw",
									"raw": "{{ProductList-Put-SelectFirstFuelType-RequestBody}}"
								},
								"url": {
									"raw": "{{BaseURL}}nl/api/2ehands/productlist/put?page=1",
									"host": [
										"{{BaseURL}}nl"
									],
									"path": [
										"api",
										"2ehands",
										"productlist",
										"put"
									],
									"query": [
										{
											"key": "page",
											"value": "1"
										}
									]
								}
							},
							"response": []
						},
						{
							"name": "Filter-GET",
							"event": [
								{
									"listen": "test",
									"script": {
										"id": "6844b117-c020-467e-a0d1-c81aa488692d",
										"type": "text/javascript",
										"exec": [
											"//store response to use as a requestbody for a put request",
											"pm.environment.set(\"Filter-get_responsebody\", pm.response.json());",
											"console.log(pm.environment.get(\"Filter-get_responsebody\"));",
											"",
											"pm.test(\"Status code is 200\", function () {",
											"    pm.response.to.have.status(200);",
											"});"
										]
									}
								}
							],
							"request": {
								"method": "GET",
								"header": [],
								"url": {
									"raw": "{{BaseURL}}nl/api/2ehands/filter/get",
									"host": [
										"{{BaseURL}}nl"
									],
									"path": [
										"api",
										"2ehands",
										"filter",
										"get"
									]
								},
								"description": "**NOTE: Send filter request as if no brand, model, price range was selected. The response will serve as input for all other put requests."
							},
							"response": []
						},
						{
							"name": "ProductList-Put-SelectFirstTransmission",
							"event": [
								{
									"listen": "prerequest",
									"script": {
										"id": "9a1d1470-ba04-487a-bacf-e3fb990aa0d2",
										"exec": [
											"var filterget_responsebody = pm.environment.get(\"Filter-get_responsebody\");",
											"var MaxResultsPerPage = Number(pm.environment.get(\"MaxResultsPerPage\"));",
											"",
											"//store label and count of first brand",
											"var transmissionIndex = 0; // =0 in case of first fueltype",
											"pm.environment.set(\"filteredTransmission\",filterget_responsebody.Filters[3].List[transmissionIndex].Label);",
											"if(filterget_responsebody.Filters[3].List[transmissionIndex].Count > MaxResultsPerPage){",
											"    pm.environment.set(\"FilteredTransmissionCount\",MaxResultsPerPage); //50 is max results per page on acc, 8 on TST when having created this test.",
											"}else",
											"{",
											"    pm.environment.set(\"FilteredTransmissionCount\",filterget_responsebody.Filters[3].List[transmissionIndex].Count);",
											"}",
											"",
											"//update body to fake having checked the first brand in the filter",
											"filterget_responsebody.Filters[3].List[transmissionIndex].Checked = true; //pick first brand",
											"filterget_responsebody.Filters[3].IsChanged=true;",
											"pm.environment.set(\"ProductList-Put-SelectFirstTransmission-RequestBody\",JSON.stringify(filterget_responsebody));"
										],
										"type": "text/javascript"
									}
								},
								{
									"listen": "test",
									"script": {
										"id": "a4f09ed9-8651-4d10-b1ee-42fa0ef07198",
										"exec": [
											"var ResponseBody = pm.response.json();",
											"",
											"var filteredTransmission =  pm.environment.get(\"filteredTransmission\");",
											"var FilteredTransmissionCount = pm.environment.get(\"FilteredTransmissionCount\")",
											"",
											"pm.test(\"Verify count of cars of transmission '\" + filteredTransmission + \"' equals \" + pm.environment.get(\"FilteredTransmissionCount\"), function(){",
											"    pm.expect(ResponseBody.Results).to.equal(FilteredTransmissionCount);",
											"    //console.log(\"ResponseBody.Cars.length: \" +ResponseBody.Cars.length + \" = \" + pm.environment.get(\"FilteredCarCount\"));",
											"});",
											"",
											"ResponseBody.Cars.forEach(function(auto){",
											"    //console.log(\"Checking if: \"+ auto.Name + \" is of brand: \" + filteredCarBrand);",
											"    ",
											"    pm.test(\"Verify only cars of transmission '\" + filteredTransmission + \"' are displayed\", function () {",
											"        pm.expect(auto.Transmission).to.include(filteredTransmission);",
											"    });",
											"});"
										],
										"type": "text/javascript"
									}
								}
							],
							"request": {
								"method": "PUT",
								"header": [
									{
										"key": "Content-Type",
										"value": "application/json"
									}
								],
								"body": {
									"mode": "raw",
									"raw": "{{ProductList-Put-SelectFirstTransmission-RequestBody}}"
								},
								"url": {
									"raw": "{{BaseURL}}nl/api/2ehands/productlist/put?page=1",
									"host": [
										"{{BaseURL}}nl"
									],
									"path": [
										"api",
										"2ehands",
										"productlist",
										"put"
									],
									"query": [
										{
											"key": "page",
											"value": "1"
										}
									]
								}
							},
							"response": []
						},
						{
							"name": "Filter-GET",
							"event": [
								{
									"listen": "test",
									"script": {
										"id": "f0d14f77-35d3-40fd-9f7d-bc23b5dfb839",
										"type": "text/javascript",
										"exec": [
											"//store response to use as a requestbody for a put request",
											"pm.environment.set(\"Filter-get_responsebody\", pm.response.json());",
											"console.log(pm.environment.get(\"Filter-get_responsebody\"));",
											"",
											"pm.test(\"Status code is 200\", function () {",
											"    pm.response.to.have.status(200);",
											"});"
										]
									}
								}
							],
							"request": {
								"method": "GET",
								"header": [],
								"url": {
									"raw": "{{BaseURL}}nl/api/2ehands/filter/get",
									"host": [
										"{{BaseURL}}nl"
									],
									"path": [
										"api",
										"2ehands",
										"filter",
										"get"
									]
								},
								"description": "**NOTE: Send filter request as if no brand, model, price range was selected. The response will serve as input for all other put requests."
							},
							"response": []
						},
						{
							"name": "ProductList-Put-SelectCarsAbove25K",
							"event": [
								{
									"listen": "prerequest",
									"script": {
										"id": "e8183953-a64c-4a9e-a0dd-97e9df22d09f",
										"type": "text/javascript",
										"exec": [
											"var filterget_responsebody = pm.environment.get(\"Filter-get_responsebody\");",
											"var MaxResultsPerPage = Number(pm.environment.get(\"MaxResultsPerPage\"));",
											"",
											"console.log(filterget_responsebody);",
											"//store label and count of first brand",
											"var highestPriceRangeIndex = 0; // =0 in case of first car",
											"",
											"//highestPriceRangeIndex = filterget_responsebody.Filters[1].List.length-1; //altijd de laatste price range nemen",
											"//zoek uit de hoeveelste pricerange overeenkomt met >25000",
											"var foreachcounterke = -1",
											"filterget_responsebody.Filters[1].List.forEach(function(pricerange){",
											"    foreachcounterke++;",
											"    if(pricerange.Id == \"25000-\"){",
											"        highestPriceRangeIndex = foreachcounterke;",
											"    }",
											"});",
											"",
											"//zet max aantal auto's per pagina die we verwachten",
											"pm.environment.set(\"filteredPriceRange\",filterget_responsebody.Filters[1].List[highestPriceRangeIndex].Label);",
											"if(filterget_responsebody.Filters[1].List[highestPriceRangeIndex].Count > MaxResultsPerPage){",
											"    pm.environment.set(\"FilteredCarCount\",MaxResultsPerPage); //8 or 50 is max results per page. (depends on env)",
											"}else",
											"{",
											"    pm.environment.set(\"FilteredCarCount\",filterget_responsebody.Filters[1].List[highestPriceRangeIndex].Count);",
											"}",
											"",
											"//update body to fake having checked the first brand in the filter",
											"filterget_responsebody.Filters[1].List[highestPriceRangeIndex].Checked = true; //pick highest price range (bedoeling is om die van >25k te nemen)",
											"//console.log(pm.environment.get(\"Filter-get_responsebody\"));",
											"filterget_responsebody.Filters[1].IsChanged=true;",
											"",
											"pm.environment.set(\"ProductList-Put-SelectCarsAbove25K-RequestBody\",JSON.stringify(filterget_responsebody));",
											"console.log(pm.environment.get(\"Filter-get_responsebody\"));"
										]
									}
								},
								{
									"listen": "test",
									"script": {
										"id": "cdbd995f-8c28-4ea5-8b3b-d1c1ed07686e",
										"type": "text/javascript",
										"exec": [
											"var ResponseBody = pm.response.json();",
											"",
											"var filteredPriceRange =  pm.environment.get(\"filteredPriceRange\");",
											"",
											"pm.test(\"Verify count of cars in pricerange '\" + filteredPriceRange + \"' equals \" + pm.environment.get(\"FilteredCarCount\"), function(){",
											"    pm.expect(pm.environment.get(\"FilteredCarCount\")).to.equal(17);", 
											"    //console.log(\"ResponseBody.Cars.length: \" +ResponseBody.Cars.length + \" = \" + pm.environment.get(\"FilteredCarCount\"));",
											"});",
											"",
											"ResponseBody.Cars.forEach(function(auto){",
											"    //console.log(\"Checking if: \"+ auto.Name + \" is of brand: \" + filteredPriceRange);",
											"    ",
											"    pm.test(\"Verify only cars in pricerange '\" + filteredPriceRange + \"' are displayed\", function () {",
											"        if(auto.Price>25000){",
											"              pm.expect(true).to.be.true;",
											"        }",
											"        else",
											"        {",
											"            pm.expect(false).to.be.true;",
											"        }",
											"    });",
											"});"
										]
									}
								}
							],
							"request": {
								"method": "PUT",
								"header": [
									{
										"key": "Content-Type",
										"value": "application/json"
									}
								],
								"body": {
									"mode": "raw",
									"raw": "{{ProductList-Put-SelectCarsAbove25K-RequestBody}}"
								},
								"url": {
									"raw": "{{BaseURL}}nl/api/2ehands/productlist/put?page=1",
									"host": [
										"{{BaseURL}}nl"
									],
									"path": [
										"api",
										"2ehands",
										"productlist",
										"put"
									],
									"query": [
										{
											"key": "page",
											"value": "1"
										}
									]
								}
							},
							"response": []
						}
					],
					"protocolProfileBehavior": {},
					"_postman_isSubFolder": true
				}
			],
			"protocolProfileBehavior": {}
		}
	],
	"event": [
		{
			"listen": "prerequest",
			"script": {
				"id": "5952d286-9de0-4c8e-9236-cb6d0831bc9e",
				"type": "text/javascript",
				"exec": [
					""
				]
			}
		},
		{
			"listen": "test",
			"script": {
				"id": "283dba58-8e0f-495a-96aa-58d2938af076",
				"type": "text/javascript",
				"exec": [
					"",
					"var XFrameOptions2 = postman.getEnvironmentVariable(\"XFrameOptions\")",
					"",
					"if (XFrameOptions2 === \"true\") {",
					"    ",
					"pm.test(\"X-Frame-Options is present\", function () {",
					"    pm.response.to.have.header(\"X-Frame-Options\");",
					"});",
					"",
					"pm.test(\"X-Frame-Options is SAMEORIGIN\", function () {",
					"    pm.response.to.be.header(\"X-Frame-Options\",\"SAMEORIGIN\");",
					"});",
					"",
					"}"
				]
			}
		}
	],
	"protocolProfileBehavior": {}
}