Description;Type;NrFamilyMembers;NrBijkomendeVoertuigen;vervang voertuigen;motor home;bagage;PrijsBeforeFunnel;LangerVerblijf;langer verblijf - maand;lang verblijf - personen;personenbijstand;personenbijstand - dagen;personenbijstand - personen;korting;prijs;RunTest;;;Basis;VT;VVW;MH;BAG;LV;PB-EU;PB-INT
BP-F01;SINGLE;1;0;0;0;FALSE;230.0;FALSE;0;0;-;0;0;nee;230.0;Y;;SINGLE;225;110;84;94;107;48;3;4
BP-F02;SINGLE;1;0;0;0;FALSE;230.0;FALSE;0;0;-;0;0;nee;230.0;Y;;SINGLE;319;110;84;94;107;48;3;4
BP-F03;SINGLE;1;0;1;0;FALSE;316.0;FALSE;0;0;-;0;0;nee;316.0;Y;;;;;;;;;;
BP-F04;SINGLE;1;0;0;1;FALSE;326.0;FALSE;0;0;-;0;0;nee;326.0;Y;;;;;;;;;;
BP-F05;SINGLE;1;0;0;0;TRUE;339.0;FALSE;0;0;-;0;0;nee;339.0;Y;;;;;;;;;;
BP-F06;SINGLE;1;0;0;0;FALSE;230.0;TRUE;5;1;-;0;0;nee;340.0;Y;;;;;;;;;;
BP-F07;SINGLE;1;0;0;0;FALSE;230.0;FALSE;0;0;EUROPE;7;1;nee;255.0;Y;;;;;;;;;;
BP-F08;SINGLE;1;0;0;0;FALSE;230.0;FALSE;0;0;WORLD;14;1;nee;314.0;Y;;;;;;;;;;
BP-F10;SINGLE;1;4;5;1;TRUE;1313.0;TRUE;5;1;EUROPE;21;9;nee;1990.0;Y;;;;;;;;;;
BP-F11;SINGLE;1;4;5;1;TRUE;1313.0;TRUE;11;1;WORLD;7;9;nee;2131.0;Y;;;;;;;;;;
BP-RGR;SINGLE;1;1;2;1;TRUE;719.0;FALSE;0;0;-;0;0;nee;719.0;Y;regressietest;;;;;;;;;
BP-F20;FAMILY;2;0;0;0;FALSE;255.0;FALSE;0;0;-;0;0;nee;255.0;Y;;FAMILY;250;110;84;94;172;48;3;4
BP-F21;FAMILY;2;1;0;0;FALSE;367.0;FALSE;0;0;-;0;0;nee;367.0;Y;;;;;;;;;;
BP-F22;FAMILY;2;0;1;0;FALSE;341.0;FALSE;0;0;-;0;0;nee;341.0;Y;;;;;;;;;;
BP-F23;FAMILY;2;0;0;1;FALSE;351.0;FALSE;0;0;-;0;0;nee;351.0;Y;;;;;;;;;;
BP-F24;FAMILY;2;0;0;0;TRUE;430.0;FALSE;0;0;-;0;0;nee;430.0;Y;;;;;;;;;;
BP-F25;FAMILY;2;0;0;0;FALSE;255.0;TRUE;5;1;-;0;0;nee;365.0;Y;;;;;;;;;;
BP-F26;FAMILY;2;0;0;0;FALSE;255.0;FALSE;0;0;EUROPE;7;1;nee;280.0;Y;;;;;;;;;;
BP-F27;FAMILY;2;0;0;0;FALSE;255.0;FALSE;0;0;WORLD;14;1;nee;339.0;Y;;;;;;;;;;
BP-F29;FAMILY;9;4;5;1;TRUE;1404.0;TRUE;5;9;EUROPE;21;9;nee;2961.0;Y;;;;;;;;;;
BP-F30;FAMILY;9;4;5;1;TRUE;1404.0;TRUE;11;9;WORLD;7;9;nee;5742.0;Y;;;;;;;;;;
BP-F33;FAMILY;2;1;2;1;TRUE;810.0;TRUE;6;2;WORLD;21;2;nee;1392.0;Y;;;;;;;;;;
BP-RGR;FAMILY;2;1;2;1;TRUE;810.0;TRUE;5;2;WORLD;21;2;nee;1282.0;Y;regressietest;;;;;;;;;
