Description;Type;NrFamilyMembers;voertuigen;vervang voertuigen;motor home;bagage;PrijsBeforeFunnel;LangerVerblijf;langer verblijf - maand;lang verblijf - personen;personenbijstand;personenbijstand - dagen;personenbijstand - personen;Annulatieverzekering;korting;prijs;RunTest;;;Basis;VT;VVW;MH;BAG;ANN;LV;PB-EU;PB-INT
MP-F01;SINGLE;1;1;0;0;TRUE;352.0;FALSE;0;0;-;0;0;FALSE;nee;352.0;Y;;SINGLE;339;98;82;91;0;74,5;47;2;4
MP-F02;SINGLE;1;2;0;0;TRUE;464.0;FALSE;0;0;-;0;0;FALSE;nee;464.0;Y;;FAMILY;421;98;82;91;0;113;47;2;4
MP-F03;SINGLE;1;1;1;0;TRUE;438.0;FALSE;0;0;-;0;0;FALSE;nee;438.0;Y;;;;;;;;;;;
MP-F04;SINGLE;1;1;0;1;TRUE;448.0;FALSE;0;0;-;0;0;FALSE;nee;448.0;Y;;;;;;;;;;;
MP-F05;SINGLE;1;1;0;0;TRUE;352.0;TRUE;5;1;-;0;0;FALSE;nee;407.0;Y;;;;;;;;;;;
MP-F06;SINGLE;1;1;0;0;TRUE;352.0;FALSE;0;0;EUROPE;7;1;FALSE;nee;377.0;Y;;;;;;;;;;;
MP-F07;SINGLE;1;1;0;0;TRUE;352.0;FALSE;0;0;WORLD;14;1;FALSE;nee;436.0;Y;;;;;;;;;;;
MP-F09;SINGLE;1;1;0;0;TRUE;451.0;FALSE;0;0;-;0;0;TRUE;nee;451.0;Y;;;;;;;;;;;
MP-F10;SINGLE;1;5;5;1;TRUE;1326.0;TRUE;5;1;EUROPE;21;9;FALSE;nee;1948.0;Y;;;;;;;;;;;
MP-F11;SINGLE;1;5;5;1;TRUE;1425.0;TRUE;12;1;WORLD;7;9;TRUE;nee;2243.0;Y;;;;;;;;;;;
MP-RGR;SINGLE;1;2;2;1;TRUE;831.0;TRUE;6;1;WORLD;21;2;TRUE;nee;1193.0;Y;regressietest;;;;;;;;;;
MP-F20;FAMILY;2;1;0;0;TRUE;438.0;FALSE;0;0;-;0;0;FALSE;nee;438.0;Y;;;;;;;;;;;
MP-F21;FAMILY;2;2;0;0;TRUE;550.0;FALSE;0;0;-;0;0;FALSE;nee;550.0;Y;;;;;;;;;;;
MP-F22;FAMILY;2;1;1;0;TRUE;524.0;FALSE;0;0;-;0;0;FALSE;nee;524.0;Y;;;;;;;;;;;
MP-F23;FAMILY;2;1;0;1;TRUE;534.0;FALSE;0;0;-;0;0;FALSE;nee;534.0;Y;;;;;;;;;;;
MP-F24;FAMILY;2;1;0;0;TRUE;438.0;TRUE;5;1;-;0;0;FALSE;nee;493.0;Y;;;;;;;;;;;
MP-F25;FAMILY;2;1;0;0;TRUE;438.0;FALSE;0;0;EUROPE;7;1;FALSE;nee;463.0;Y;;;;;;;;;;;
MP-F26;FAMILY;2;1;0;0;TRUE;438.0;FALSE;0;0;WORLD;14;1;FALSE;nee;522.0;Y;;;;;;;;;;;
MP-F28;FAMILY;2;1;0;0;TRUE;587.0;FALSE;0;0;-;0;0;TRUE;nee;587.0;Y;;;;;;;;;;;
MP-F29;FAMILY;9;5;5;1;TRUE;1412.0;TRUE;5;9;EUROPE;21;9;FALSE;nee;2474.0;Y;;;;;;;;;;;
MP-F30;FAMILY;9;5;5;1;TRUE;1561.0;TRUE;12;9;WORLD;7;9;TRUE;nee;5899.0;Y;;;;;;;;;;;
MP-F33;FAMILY;2;2;2;1;TRUE;967.0;TRUE;6;2;WORLD;21;2;TRUE;nee;1439.0;Y;;;;;;;;;;;
MP-RGR;FAMILY;2;2;2;1;TRUE;967.0;FALSE;0;0;-;0;0;TRUE;FALSE;967.0;Y;regressietest;;;;;;;;;;
