Description;Type;hasInsurance;NrBijkomendeVoertuigen;NrVervangVoertuigen;PrijsBeforeFunnel;korting;prijs;RunTest;;Polis;Basis;VT;VVW
PB_F01;nieuw;FALSE;0;0;131.0;nee;131.0;Y;;nieuw;125;98;58
PB_F02;nieuw;FALSE;0;1;191.0;nee;191.0;Y;;bestaand;98;98;58
PB_F03;nieuw;FALSE;1;0;243.0;nee;243.0;Y;;;;;
PB_F05;nieuw;FALSE;4;5;879.0;nee;879.0;Y;;;;;
PB_RGR;nieuw;FALSE;2;2;475.0;nee;475.0;Y;regressietest;;;;
PB_F06;bestaand;TRUE;0;0;112.0;nee;112.0;Y;;;;;
PB_F08;bestaand;TRUE;0;1;172.0;nee;172.0;Y;;;;;
NEG_01;nieuw;FALSE;4;5;879.0;nee;879.0;Y;;;;;
NEG_02;nieuw;FALSE;0;2;191.0;nee;191.0;Y;;;;;
NEG_03;nieuw;FALSE;0;3;191.0;nee;191.0;Y;;;;;
NEG_04;nieuw;FALSE;5;7;807.0;nee;807.0;N;deze lukt effectief. Defect!;;;;
NEG_05;nieuw;FALSE;5;5;807.0;nee;807.0;N;deze lukt effectief. Defect!;;;;
