Alone;Family;NrFamilyMembers;voertuigen;vervang voertuigen;motor home;bagage;PrijsBeforeFunnel;LangerVerblijf;langer verblijf - maand;lang verblijf - personen;personenbijstand;personenbijstand - dagen;personenbijstand - personen;korting;prijs;RunTest;;Polis;Basis;VT1;VT2;VVW;MH;BAG;LV;PB-EU;PB-INT
TRUE;FALSE;1;0;0;0;0;94.0;FALSE;0;0;-;0;0;nee;94.0;Y;;Single;90;16;56;35;64;105;47;2;4
TRUE;FALSE;1;0;0;0;0;94.0;FALSE;0;0;-;0;0;nee;94.0;Y;;Gezin;113;16;56;35;64;169;47;2;4
TRUE;FALSE;1;1;1;0;0;192.0;FALSE;0;0;-;0;0;nee;192.0;Y;;;;;;;;;;;
TRUE;FALSE;1;1;0;1;0;208.0;FALSE;0;0;-;0;0;nee;208.0;Y;;;;;;;;;;;
TRUE;FALSE;1;0;0;0;1;203.0;FALSE;0;0;-;0;0;nee;203.0;Y;;;;;;;;;;;
TRUE;FALSE;1;0;0;0;0;94.0;TRUE;5;1;-;0;0;nee;149.0;Y;;;;;;;;;;;
TRUE;FALSE;1;0;0;0;0;94.0;FALSE;0;0;EUROPE;7;1;nee;119.0;Y;;;;;;;;;;;
TRUE;FALSE;1;0;0;0;0;94.0;FALSE;0;0;WORLD;14;1;nee;178.0;Y;;;;;;;;;;;
TRUE;FALSE;1;5;5;1;1;795.0;TRUE;5;1;EUROPE;21;9;nee;1417.0;Y;;;;;;;;;;;
TRUE;FALSE;1;5;5;1;1;795.0;TRUE;12;1;WORLD;7;9;nee;1613.0;Y;;;;;;;;;;;
FALSE;TRUE;2;0;0;0;0;118.0;FALSE;0;0;-;0;0;nee;118.0;Y;;;;;;;;;;;
FALSE;TRUE;2;2;0;0;0;208.0;FALSE;0;0;-;0;0;nee;208.0;Y;;;;;;;;;;;
FALSE;TRUE;2;1;1;0;0;216.0;FALSE;0;0;-;0;0;nee;216.0;Y;;;;;;;;;;;
FALSE;TRUE;2;1;0;1;0;232.0;FALSE;0;0;-;0;0;nee;232.0;Y;;;;;;;;;;;
FALSE;TRUE;2;0;0;0;1;293.0;FALSE;0;0;-;0;0;nee;293.0;Y;;;;;;;;;;;
FALSE;TRUE;2;0;0;0;0;118.0;TRUE;5;1;-;0;0;nee;173.0;Y;;;;;;;;;;;
FALSE;TRUE;2;0;0;0;0;118.0;FALSE;0;0;EUROPE;7;1;nee;143.0;Y;;;;;;;;;;;
FALSE;TRUE;2;0;0;0;0;118.0;FALSE;0;0;WORLD;14;1;nee;202.0;Y;;;;;;;;;;;
FALSE;TRUE;9;5;5;1;1;885.0;TRUE;5;9;EUROPE;21;9;nee;1947.0;Y;;;;;;;;;;;
FALSE;TRUE;9;5;5;1;1;885.0;TRUE;12;9;WORLD;7;9;nee;5223.0;Y;;;;;;;;;;;
TRUE;FALSE;1;1;1;1;1;370.0;TRUE;5;1;WORLD;2;1;nee;450.0;Y;Regressietest;;;;;;;;;;
FALSE;TRUE;2;2;2;1;1;558.0;FALSE;0;0;WORLD;14;2;nee;726.0;Y;Regressietest;;;;;;;;;;
