Description;Type;NrFamilyMembers;voertuigen;vervang voertuigen;motor home;bagage;PrijsBeforeFunnel;LangerVerblijf;langer verblijf - maand;lang verblijf - personen;personenbijstand;personenbijstand - dagen;personenbijstand - personen;Annulatieverzekering;korting;prijs;RunTest;;;Basis;VT;VT2;VVW;MH;BAG;ANN;LV;PB-EU;PB-INT
VP-F01;SINGLE;1;0;0;0;FALSE;217.0;FALSE;0;0;-;0;0;FALSE;nee;217.0;Y;;SINGLE;213;17;17;36;65;107;76;48;3;4
VP-F02;SINGLE;1;2;0;0;FALSE;307.0;FALSE;0;0;-;0;0;FALSE;nee;307.0;Y;;FAMILY;426;17;17;36;65;172;115;48;3;4
VP-F03;SINGLE;1;1;1;0;FALSE;315.0;FALSE;0;0;-;0;0;FALSE;nee;315.0;Y;;;;;;;;;;;;
VP-F04;SINGLE;1;1;0;1;FALSE;331.0;FALSE;0;0;-;0;0;FALSE;nee;331.0;Y;;;;;;;;;;;;
VP-F05;SINGLE;1;0;0;0;TRUE;326.0;FALSE;0;0;-;0;0;FALSE;nee;326.0;Y;;;;;;;;;;;;
VP-F06;SINGLE;1;0;0;0;FALSE;217.0;TRUE;5;1;-;0;0;FALSE;nee;272.0;Y;;;;;;;;;;;;
VP-F07;SINGLE;1;0;0;0;FALSE;217.0;FALSE;0;0;EUROPE;7;1;FALSE;nee;242.0;Y;;;;;;;;;;;;
VP-F08;SINGLE;1;0;0;0;FALSE;217.0;FALSE;0;0;WORLD;14;1;FALSE;nee;301.0;Y;;;;;;;;;;;;
VP-F10;SINGLE;1;0;0;0;FALSE;217.0;FALSE;0;0;-;0;0;TRUE;nee;316.0;Y;;;;;;;;;;;;
VP-F11;SINGLE;1;5;5;1;TRUE;918.0;TRUE;5;1;EUROPE;21;9;FALSE;nee;1540.0;Y;;;;;;;;;;;;
VP-F12;SINGLE;1;5;5;1;TRUE;918.0;TRUE;12;1;WORLD;7;9;TRUE;nee;1835.0;Y;;;;;;;;;;;;
VP-F20;FAMILY;2;0;0;0;FALSE;306.0;FALSE;0;0;-;0;0;FALSE;nee;306.0;Y;;;;;;;;;;;;
VP-F21;FAMILY;2;2;0;0;FALSE;396.0;FALSE;0;0;-;0;0;FALSE;nee;396.0;Y;;;;;;;;;;;;
VP-F22;FAMILY;2;1;1;0;FALSE;404.0;FALSE;0;0;-;0;0;FALSE;nee;404.0;Y;;;;;;;;;;;;
VP-F23;FAMILY;2;1;0;1;FALSE;420.0;FALSE;0;0;-;0;0;FALSE;nee;420.0;Y;;;;;;;;;;;;
VP-F24;FAMILY;2;0;0;0;TRUE;481.0;FALSE;0;0;-;0;0;FALSE;nee;481.0;Y;;;;;;;;;;;;
VP-F25;FAMILY;2;0;0;0;FALSE;306.0;TRUE;5;1;-;0;0;FALSE;nee;361.0;Y;;;;;;;;;;;;
VP-F26;FAMILY;2;0;0;0;FALSE;306.0;FALSE;0;0;EUROPE;7;1;FALSE;nee;331.0;Y;;;;;;;;;;;;
VP-F27;FAMILY;2;0;0;0;FALSE;306.0;FALSE;0;0;WORLD;14;1;FALSE;nee;390.0;Y;;;;;;;;;;;;
VP-F29;FAMILY;2;0;0;0;FALSE;306.0;FALSE;0;0;-;0;0;TRUE;nee;455.0;Y;;;;;;;;;;;;
VP-F30;FAMILY;9;5;5;1;TRUE;1073.0;TRUE;5;9;EUROPE;21;9;FALSE;nee;2135.0;Y;;;;;;;;;;;;
VP-F31;FAMILY;9;5;5;1;TRUE;1073.0;TRUE;12;9;WORLD;7;9;TRUE;nee;5560.0;Y;;;;;;;;;;;;
VP-F35;FAMILY;2;2;2;1;TRUE;746.0;TRUE;6;2;EUROPE;7;2;FALSE;nee;1016.0;Y;;;;;;;;;;;;
VP-RGR;FAMILY;2;2;2;1;TRUE;746.0;FALSE;0;0;EUROPE;7;2;FALSE;nee;796.0;Y;regressietest;;;;;;;;;;;
VP-RGR;FAMILY;2;2;2;1;TRUE;746.0;FALSE;0;0;EUROPE;7;2;FALSE;nee;796.0;N;bad test;;;;;;;;;;;
